design,seed,pull_id,method,position,log_scale
60-day step,1200,P001,graph,0,-0.2247963955349887
60-day step,1200,P001,graph,1,-0.2850078562089811
60-day step,1200,P001,graph,2,-0.3241662585359344
60-day step,1200,P001,graph,3,0.0
60-day step,1200,P001,graph,4,-0.2512096730856167
60-day step,1200,P001,graph,5,-0.2958449568925237
60-day step,1200,P001,sequential,0,0.0
60-day step,1200,P001,sequential,1,-0.060211460673992426
60-day step,1200,P001,sequential,2,-0.09936986300094568
60-day step,1200,P001,sequential,3,0.22479639553498876
60-day step,1200,P001,sequential,4,-0.02447850988616357
60-day step,1200,P001,sequential,5,-0.06777452681220186
60-day step,1200,P002,graph,0,0.11428108926596703
60-day step,1200,P002,graph,1,0.05455169342758309
60-day step,1200,P002,graph,2,0.039961605262468475
60-day step,1200,P002,graph,3,0.221808192290642
60-day step,1200,P002,graph,4,0.0
60-day step,1200,P002,graph,5,0.04085932359844583
60-day step,1200,P002,sequential,0,0.0
60-day step,1200,P002,sequential,1,-0.05972939583838394
60-day step,1200,P002,sequential,2,-0.07431948400349843
60-day step,1200,P002,sequential,3,0.10752710302467523
60-day step,1200,P002,sequential,4,-0.11338434469879623
60-day step,1200,P002,sequential,5,-0.07167557875383507
60-day step,1201,P001,graph,0,-0.2951022910908377
60-day step,1201,P001,graph,1,-0.40313770321717846
60-day step,1201,P001,graph,2,-0.34166078564857427
60-day step,1201,P001,graph,3,0.0
60-day step,1201,P001,graph,4,-0.17470016207156577
60-day step,1201,P001,graph,5,-0.21403734518376785
60-day step,1201,P001,sequential,0,0.0
60-day step,1201,P001,sequential,1,-0.10803541212634073
60-day step,1201,P001,sequential,2,-0.046558494557736606
60-day step,1201,P001,sequential,3,0.29510229109083763
60-day step,1201,P001,sequential,4,0.12369080032930158
60-day step,1201,P001,sequential,5,0.08634082700478973
60-day step,1201,P002,graph,0,-0.23139710699285057
60-day step,1201,P002,graph,1,-0.33024055791503304
60-day step,1201,P002,graph,2,-0.3851294736073995
60-day step,1201,P002,graph,3,0.0
60-day step,1201,P002,graph,4,-0.15720040597111024
60-day step,1201,P002,graph,5,-0.1640169281623427
60-day step,1201,P002,sequential,0,0.0
60-day step,1201,P002,sequential,1,-0.09884345092218244
60-day step,1201,P002,sequential,2,-0.15373236661454884
60-day step,1201,P002,sequential,3,0.23139710699285068
60-day step,1201,P002,sequential,4,0.07689096036517123
60-day step,1201,P002,sequential,5,0.0716898985733643
60-day step,1202,P001,graph,0,-0.17548187177252073
60-day step,1202,P001,graph,1,-0.2824998272663413
60-day step,1202,P001,graph,2,-0.29282653625223315
60-day step,1202,P001,graph,3,0.0
60-day step,1202,P001,graph,4,-0.11599791727981616
60-day step,1202,P001,graph,5,-0.15029762285425807
60-day step,1202,P001,sequential,0,0.0
60-day step,1202,P001,sequential,1,-0.10701795549382061
60-day step,1202,P001,sequential,2,-0.11734466447971238
60-day step,1202,P001,sequential,3,0.17548187177252084
60-day step,1202,P001,sequential,4,0.06073764717933658
60-day step,1202,P001,sequential,5,0.027269810189747598
60-day step,1202,P002,graph,0,-0.029106269585492797
60-day step,1202,P002,graph,1,-0.23932348793274758
60-day step,1202,P002,graph,2,-0.23181089553169265
60-day step,1202,P002,graph,3,0.0748133885030659
60-day step,1202,P002,graph,4,0.0
60-day step,1202,P002,graph,5,0.022304388186955685
60-day step,1202,P002,sequential,0,0.0
60-day step,1202,P002,sequential,1,-0.21021721834725476
60-day step,1202,P002,sequential,2,-0.20270462594619984
60-day step,1202,P002,sequential,3,0.10391965808855877
60-day step,1202,P002,sequential,4,0.02904263568446322
60-day step,1202,P002,sequential,5,0.051307354881670195
60-day step,1203,P001,graph,0,0.08239241679269954
60-day step,1203,P001,graph,1,-0.1861323542745501
60-day step,1203,P001,graph,2,-0.1960822694264037
60-day step,1203,P001,graph,3,0.21144717793742784
60-day step,1203,P001,graph,4,0.0
60-day step,1203,P001,graph,5,-0.027295604167291578
60-day step,1203,P001,sequential,0,0.0
60-day step,1203,P001,sequential,1,-0.26852477106724965
60-day step,1203,P001,sequential,2,-0.2784746862191032
60-day step,1203,P001,sequential,3,0.1290547611447284
60-day step,1203,P001,sequential,4,-0.08361393689641905
60-day step,1203,P001,sequential,5,-0.11161913899604206
60-day step,1203,P002,graph,0,0.12721353918896816
60-day step,1203,P002,graph,1,-0.18757774305325
60-day step,1203,P002,graph,2,-0.17161071454123114
60-day step,1203,P002,graph,3,0.21657944757620765
60-day step,1203,P002,graph,4,0.053658523895592586
60-day step,1203,P002,graph,5,0.0
60-day step,1203,P002,sequential,0,0.0
60-day step,1203,P002,sequential,1,-0.31479128224221814
60-day step,1203,P002,sequential,2,-0.2988242537301993
60-day step,1203,P002,sequential,3,0.08936590838723957
60-day step,1203,P002,sequential,4,-0.07119211133550238
60-day step,1203,P002,sequential,5,-0.12417806791903112
60-day step,1204,P001,graph,0,-0.0382665896256485
60-day step,1204,P001,graph,1,-0.18637336025696646
60-day step,1204,P001,graph,2,-0.19019917329409275
60-day step,1204,P001,graph,3,0.0
60-day step,1204,P001,graph,4,-0.03124053247002622
60-day step,1204,P001,graph,5,-0.06324536765501414
60-day step,1204,P001,sequential,0,0.0
60-day step,1204,P001,sequential,1,-0.14810677063131797
60-day step,1204,P001,sequential,2,-0.15193258366844423
60-day step,1204,P001,sequential,3,0.03826658962564858
60-day step,1204,P001,sequential,4,0.005822549252438344
60-day step,1204,P001,sequential,5,-0.026823251497520836
60-day step,1204,P002,graph,0,0.1458581687542416
60-day step,1204,P002,graph,1,-0.016513267418160935
60-day step,1204,P002,graph,2,0.0
60-day step,1204,P002,graph,3,0.2117253983459244
60-day step,1204,P002,graph,4,-0.06493256147294033
60-day step,1204,P002,graph,5,-0.08328652422093465
60-day step,1204,P002,sequential,0,0.0
60-day step,1204,P002,sequential,1,-0.16237143617240252
60-day step,1204,P002,sequential,2,-0.14585816875424157
60-day step,1204,P002,sequential,3,0.06586722959168301
60-day step,1204,P002,sequential,4,-0.21024406340819807
60-day step,1204,P002,sequential,5,-0.22843327705268385
60-day step,1205,P001,graph,0,0.1760553970933178
60-day step,1205,P001,graph,1,0.004233375659795595
60-day step,1205,P001,graph,2,-0.05836729246315621
60-day step,1205,P001,graph,3,0.0
60-day step,1205,P001,graph,4,-0.10919939768511998
60-day step,1205,P001,graph,5,-0.14890281718405218
60-day step,1205,P001,sequential,0,0.0
60-day step,1205,P001,sequential,1,-0.1718220214335222
60-day step,1205,P001,sequential,2,-0.234422689556474
60-day step,1205,P001,sequential,3,-0.1760553970933178
60-day step,1205,P001,sequential,4,-0.2819119590690982
60-day step,1205,P001,sequential,5,-0.31889367218392595
60-day step,1205,P002,graph,0,0.2921423892946018
60-day step,1205,P002,graph,1,0.04656385107289529
60-day step,1205,P002,graph,2,0.12533603478626443
60-day step,1205,P002,graph,3,0.12040984678744598
60-day step,1205,P002,graph,4,0.0
60-day step,1205,P002,graph,5,0.051802513749513016
60-day step,1205,P002,sequential,0,0.0
60-day step,1205,P002,sequential,1,-0.2455785382217065
60-day step,1205,P002,sequential,2,-0.16680635450833736
60-day step,1205,P002,sequential,3,-0.17173254250715578
60-day step,1205,P002,sequential,4,-0.29125954832976425
60-day step,1205,P002,sequential,5,-0.23918765957551524
60-day step,1206,P001,graph,0,0.026538280300440236
60-day step,1206,P001,graph,1,0.02099930652305967
60-day step,1206,P001,graph,2,0.1261395327367247
60-day step,1206,P001,graph,3,0.09149157673718526
60-day step,1206,P001,graph,4,0.0
60-day step,1206,P001,graph,5,0.0244386973824659
60-day step,1206,P001,sequential,0,0.0
60-day step,1206,P001,sequential,1,-0.005538973777380563
60-day step,1206,P001,sequential,2,0.09960125243628447
60-day step,1206,P001,sequential,3,0.06495329643674505
60-day step,1206,P001,sequential,4,-0.02467073660035239
60-day step,1206,P001,sequential,5,0.0008425992840449363
60-day step,1206,P002,graph,0,-0.1081643206715485
60-day step,1206,P002,graph,1,-0.08844630970479946
60-day step,1206,P002,graph,2,-0.06016695763651693
60-day step,1206,P002,graph,3,0.0
60-day step,1206,P002,graph,4,-0.14844268055559384
60-day step,1206,P002,graph,5,-0.11740842215827232
60-day step,1206,P002,sequential,0,0.0
60-day step,1206,P002,sequential,1,0.019718010966749046
60-day step,1206,P002,sequential,2,0.04799736303503157
60-day step,1206,P002,sequential,3,0.10816432067154849
60-day step,1206,P002,sequential,4,-0.04152826467152557
60-day step,1206,P002,sequential,5,-0.011147127688024831
60-day step,1207,P001,graph,0,0.03693301385736344
60-day step,1207,P001,graph,1,-0.20954628688781723
60-day step,1207,P001,graph,2,-0.2314462987534171
60-day step,1207,P001,graph,3,-0.020136408875890705
60-day step,1207,P001,graph,4,-0.04313743812459519
60-day step,1207,P001,graph,5,0.0
60-day step,1207,P001,sequential,0,0.0
60-day step,1207,P001,sequential,1,-0.24647930074518068
60-day step,1207,P001,sequential,2,-0.2683793126107805
60-day step,1207,P001,sequential,3,-0.05706942273325408
60-day step,1207,P001,sequential,4,-0.07858895323965034
60-day step,1207,P001,sequential,5,-0.03505828877740482
60-day step,1207,P002,graph,0,0.190979801308992
60-day step,1207,P002,graph,1,-0.11754417096142594
60-day step,1207,P002,graph,2,-0.22415781130778714
60-day step,1207,P002,graph,3,0.0
60-day step,1207,P002,graph,4,0.05495273881127593
60-day step,1207,P002,graph,5,0.002361094922537834
60-day step,1207,P002,sequential,0,0.0
60-day step,1207,P002,sequential,1,-0.30852397227041795
60-day step,1207,P002,sequential,2,-0.4151376126167791
60-day step,1207,P002,sequential,3,-0.19097980130899195
60-day step,1207,P002,sequential,4,-0.13666253381853474
60-day step,1207,P002,sequential,5,-0.1896086576121151
60-day step,1208,P001,graph,0,0.09818860362006235
60-day step,1208,P001,graph,1,-0.06764618919611423
60-day step,1208,P001,graph,2,-0.028175608409548747
60-day step,1208,P001,graph,3,0.24233734090206216
60-day step,1208,P001,graph,4,-0.011946212937187457
60-day step,1208,P001,graph,5,0.0
60-day step,1208,P001,sequential,0,0.0
60-day step,1208,P001,sequential,1,-0.16583479281617658
60-day step,1208,P001,sequential,2,-0.12636421202961107
60-day step,1208,P001,sequential,3,0.14414873728199984
60-day step,1208,P001,sequential,4,-0.10994614054062857
60-day step,1208,P001,sequential,5,-0.09792554145877473
60-day step,1208,P002,graph,0,0.15273037565526104
60-day step,1208,P002,graph,1,0.0
60-day step,1208,P002,graph,2,-0.01666064391604813
60-day step,1208,P002,graph,3,0.2406508249015609
60-day step,1208,P002,graph,4,0.037351011354969425
60-day step,1208,P002,graph,5,0.0339325821056892
60-day step,1208,P002,sequential,0,0.0
60-day step,1208,P002,sequential,1,-0.15273037565526104
60-day step,1208,P002,sequential,2,-0.1693910195713092
60-day step,1208,P002,sequential,3,0.08792044924629971
60-day step,1208,P002,sequential,4,-0.11574916440105307
60-day step,1208,P002,sequential,5,-0.11935365858745889
60-day step,1209,P001,graph,0,-0.11957150633719069
60-day step,1209,P001,graph,1,-0.29947826315280685
60-day step,1209,P001,graph,2,-0.24217893965635648
60-day step,1209,P001,graph,3,0.0
60-day step,1209,P001,graph,4,-0.1019935140270137
60-day step,1209,P001,graph,5,-0.1554165120314963
60-day step,1209,P001,sequential,0,0.0
60-day step,1209,P001,sequential,1,-0.17990675681561616
60-day step,1209,P001,sequential,2,-0.12260743331916577
60-day step,1209,P001,sequential,3,0.11957150633719074
60-day step,1209,P001,sequential,4,0.01857397687880097
60-day step,1209,P001,sequential,5,-0.03405120890911987
60-day step,1209,P002,graph,0,0.04783978808944426
60-day step,1209,P002,graph,1,-0.11825449374065836
60-day step,1209,P002,graph,2,-0.08053625401636583
60-day step,1209,P002,graph,3,0.06471818882478236
60-day step,1209,P002,graph,4,0.009572831174787418
60-day step,1209,P002,graph,5,0.0
60-day step,1209,P002,sequential,0,0.0
60-day step,1209,P002,sequential,1,-0.1660942818301026
60-day step,1209,P002,sequential,2,-0.12837604210581008
60-day step,1209,P002,sequential,3,0.01687840073533811
60-day step,1209,P002,sequential,4,-0.0383117782508829
60-day step,1209,P002,sequential,5,-0.047894697856090844
60-day step,1210,P001,graph,0,-0.287997202253077
60-day step,1210,P001,graph,1,-0.4533953728891742
60-day step,1210,P001,graph,2,-0.429647440590881
60-day step,1210,P001,graph,3,0.0
60-day step,1210,P001,graph,4,-0.0771548410901132
60-day step,1210,P001,graph,5,-0.07456795608480461
60-day step,1210,P001,sequential,0,0.0
60-day step,1210,P001,sequential,1,-0.16539817063609719
60-day step,1210,P001,sequential,2,-0.141650238337804
60-day step,1210,P001,sequential,3,0.287997202253077
60-day step,1210,P001,sequential,4,0.21062553846459625
60-day step,1210,P001,sequential,5,0.21307492473574008
60-day step,1210,P002,graph,0,-0.23465174783804188
60-day step,1210,P002,graph,1,-0.2744362803446775
60-day step,1210,P002,graph,2,-0.28072431705157525
60-day step,1210,P002,graph,3,0.015152699501235127
60-day step,1210,P002,graph,4,0.0
60-day step,1210,P002,graph,5,-0.029117335260624988
60-day step,1210,P002,sequential,0,0.0
60-day step,1210,P002,sequential,1,-0.03978453250663562
60-day step,1210,P002,sequential,2,-0.04607256921353335
60-day step,1210,P002,sequential,3,0.24980444733927704
60-day step,1210,P002,sequential,4,0.23674075744746187
60-day step,1210,P002,sequential,5,0.20928987144477287
60-day step,1211,P001,graph,0,-0.12863370358312107
60-day step,1211,P001,graph,1,-0.18739499296230988
60-day step,1211,P001,graph,2,-0.24532120268167473
60-day step,1211,P001,graph,3,0.0
60-day step,1211,P001,graph,4,-0.10627419533024789
60-day step,1211,P001,graph,5,-0.04797397401781042
60-day step,1211,P001,sequential,0,0.0
60-day step,1211,P001,sequential,1,-0.05876128937918882
60-day step,1211,P001,sequential,2,-0.1166874990985537
60-day step,1211,P001,sequential,3,0.12863370358312104
60-day step,1211,P001,sequential,4,0.019705959327521463
60-day step,1211,P001,sequential,5,0.07442469627956493
60-day step,1211,P002,graph,0,-0.05377620583491684
60-day step,1211,P002,graph,1,-0.16463441322302327
60-day step,1211,P002,graph,2,-0.17743669639935492
60-day step,1211,P002,graph,3,0.0
60-day step,1211,P002,graph,4,-0.16875014237057825
60-day step,1211,P002,graph,5,-0.18011129175548843
60-day step,1211,P002,sequential,0,0.0
60-day step,1211,P002,sequential,1,-0.11085820738810644
60-day step,1211,P002,sequential,2,-0.12366049056443804
60-day step,1211,P002,sequential,3,0.05377620583491691
60-day step,1211,P002,sequential,4,-0.1144012211006808
60-day step,1211,P002,sequential,5,-0.1253650476233918
60-day step,1212,P001,graph,0,-0.073796457643882
60-day step,1212,P001,graph,1,-0.23036275618505017
60-day step,1212,P001,graph,2,-0.18902160990763187
60-day step,1212,P001,graph,3,0.0
60-day step,1212,P001,graph,4,-0.3250234165562213
60-day step,1212,P001,graph,5,-0.32992394941226305
60-day step,1212,P001,sequential,0,0.0
60-day step,1212,P001,sequential,1,-0.15656629854116816
60-day step,1212,P001,sequential,2,-0.11522515226374985
60-day step,1212,P001,sequential,3,0.07379645764388199
60-day step,1212,P001,sequential,4,-0.2496536284094822
60-day step,1212,P001,sequential,5,-0.25325579616589783
60-day step,1212,P002,graph,0,0.0602276912013756
60-day step,1212,P002,graph,1,-0.24838263720384948
60-day step,1212,P002,graph,2,-0.24735163518882794
60-day step,1212,P002,graph,3,0.0
60-day step,1212,P002,graph,4,-0.21386428684526204
60-day step,1212,P002,graph,5,-0.23722547180754605
60-day step,1212,P002,sequential,0,0.0
60-day step,1212,P002,sequential,1,-0.30861032840522507
60-day step,1212,P002,sequential,2,-0.30757932639020347
60-day step,1212,P002,sequential,3,-0.0602276912013755
60-day step,1212,P002,sequential,4,-0.2748778114983097
60-day step,1212,P002,sequential,5,-0.2988434256853484
60-day step,1213,P001,graph,0,0.2538848506869658
60-day step,1213,P001,graph,1,0.22684416964962031
60-day step,1213,P001,graph,2,0.20181074053032716
60-day step,1213,P001,graph,3,0.46399828957305705
60-day step,1213,P001,graph,4,0.0
60-day step,1213,P001,graph,5,-0.07098044416364375
60-day step,1213,P001,sequential,0,0.0
60-day step,1213,P001,sequential,1,-0.02704068103734547
60-day step,1213,P001,sequential,2,-0.052074110156638626
60-day step,1213,P001,sequential,3,0.2101134388860915
60-day step,1213,P001,sequential,4,-0.25600646421140205
60-day step,1213,P001,sequential,5,-0.3283162619337626
60-day step,1213,P002,graph,0,-0.3524763166004802
60-day step,1213,P002,graph,1,-0.3586565777631142
60-day step,1213,P002,graph,2,-0.3549674892022966
60-day step,1213,P002,graph,3,0.0
60-day step,1213,P002,graph,4,-0.38900188635777
60-day step,1213,P002,graph,5,-0.46397815172880996
60-day step,1213,P002,sequential,0,0.0
60-day step,1213,P002,sequential,1,-0.006180261162634014
60-day step,1213,P002,sequential,2,-0.0024911726018163423
60-day step,1213,P002,sequential,3,0.35247631660048023
60-day step,1213,P002,sequential,4,-0.03424979065690453
60-day step,1213,P002,sequential,5,-0.10788040089843103
60-day step,1214,P001,graph,0,0.2653621937505812
60-day step,1214,P001,graph,1,-0.018745400933477662
60-day step,1214,P001,graph,2,0.0
60-day step,1214,P001,graph,3,0.3584450757145196
60-day step,1214,P001,graph,4,0.05130403255979315
60-day step,1214,P001,graph,5,0.06487305686158387
60-day step,1214,P001,sequential,0,0.0
60-day step,1214,P001,sequential,1,-0.2841075946840589
60-day step,1214,P001,sequential,2,-0.26536219375058123
60-day step,1214,P001,sequential,3,0.09308288196393827
60-day step,1214,P001,sequential,4,-0.21569142429254073
60-day step,1214,P001,sequential,5,-0.20307902842213305
60-day step,1214,P002,graph,0,-0.15091509747140222
60-day step,1214,P002,graph,1,-0.4482011303589455
60-day step,1214,P002,graph,2,-0.4356956896963312
60-day step,1214,P002,graph,3,0.0
60-day step,1214,P002,graph,4,-0.46030980012631406
60-day step,1214,P002,graph,5,-0.4469646619125084
60-day step,1214,P002,sequential,0,0.0
60-day step,1214,P002,sequential,1,-0.2972860328875433
60-day step,1214,P002,sequential,2,-0.284780592224929
60-day step,1214,P002,sequential,3,0.15091509747140225
60-day step,1214,P002,sequential,4,-0.30757331515718633
60-day step,1214,P002,sequential,5,-0.29310904741432037
60-day step,1215,P001,graph,0,-0.12914792607328165
60-day step,1215,P001,graph,1,-0.1940108653281266
60-day step,1215,P001,graph,2,-0.10534369414224577
60-day step,1215,P001,graph,3,0.0
60-day step,1215,P001,graph,4,-0.14826183037849971
60-day step,1215,P001,graph,5,-0.13250577745448794
60-day step,1215,P001,sequential,0,0.0
60-day step,1215,P001,sequential,1,-0.06486293925484495
60-day step,1215,P001,sequential,2,0.023804231931035938
60-day step,1215,P001,sequential,3,0.1291479260732818
60-day step,1215,P001,sequential,4,-0.014541850028225833
60-day step,1215,P001,sequential,5,0.004000572868611468
60-day step,1215,P002,graph,0,0.09453470694829222
60-day step,1215,P002,graph,1,0.043484313131518404
60-day step,1215,P002,graph,2,0.08144299334533874
60-day step,1215,P002,graph,3,0.04674244305424121
60-day step,1215,P002,graph,4,-0.06978010377380219
60-day step,1215,P002,graph,5,0.0
60-day step,1215,P002,sequential,0,0.0
60-day step,1215,P002,sequential,1,-0.05105039381677382
60-day step,1215,P002,sequential,2,-0.013091713602953484
60-day step,1215,P002,sequential,3,-0.047792263894051015
60-day step,1215,P002,sequential,4,-0.1660896969659205
60-day step,1215,P002,sequential,5,-0.09688780212009382
60-day step,1216,P001,graph,0,0.035482080580616714
60-day step,1216,P001,graph,1,-0.21404522055845412
60-day step,1216,P001,graph,2,-0.15320609452324885
60-day step,1216,P001,graph,3,0.0
60-day step,1216,P001,graph,4,-0.08442639594855236
60-day step,1216,P001,graph,5,-0.0016505023962222179
60-day step,1216,P001,sequential,0,0.0
60-day step,1216,P001,sequential,1,-0.24952730113907085
60-day step,1216,P001,sequential,2,-0.1886881751038655
60-day step,1216,P001,sequential,3,-0.03548208058061658
60-day step,1216,P001,sequential,4,-0.1209143220809317
60-day step,1216,P001,sequential,5,-0.03876134144487073
60-day step,1216,P002,graph,0,0.05989060443454751
60-day step,1216,P002,graph,1,-0.172165776850579
60-day step,1216,P002,graph,2,-0.12658575821465348
60-day step,1216,P002,graph,3,0.0
60-day step,1216,P002,graph,4,0.029523289411611694
60-day step,1216,P002,graph,5,0.030425081681585284
60-day step,1216,P002,sequential,0,0.0
60-day step,1216,P002,sequential,1,-0.23205638128512648
60-day step,1216,P002,sequential,2,-0.18647636264920098
60-day step,1216,P002,sequential,3,-0.05989060443454747
60-day step,1216,P002,sequential,4,-0.028447828820692384
60-day step,1216,P002,sequential,5,-0.026854643580285015
60-day step,1217,P001,graph,0,0.10247323879963341
60-day step,1217,P001,graph,1,0.018562781836455964
60-day step,1217,P001,graph,2,-0.00677791817721612
60-day step,1217,P001,graph,3,0.23522102355297608
60-day step,1217,P001,graph,4,0.0011979691924625317
60-day step,1217,P001,graph,5,0.0
60-day step,1217,P001,sequential,0,0.0
60-day step,1217,P001,sequential,1,-0.08391045696317743
60-day step,1217,P001,sequential,2,-0.10925115697684953
60-day step,1217,P001,sequential,3,0.13274778475334267
60-day step,1217,P001,sequential,4,-0.10124982887692452
60-day step,1217,P001,sequential,5,-0.10243373672024692
60-day step,1217,P002,graph,0,-0.051668490828243686
60-day step,1217,P002,graph,1,-0.08327203042301101
60-day step,1217,P002,graph,2,-0.14254202197286378
60-day step,1217,P002,graph,3,0.06789325092320052
60-day step,1217,P002,graph,4,0.0
60-day step,1217,P002,graph,5,0.002192822297371048
60-day step,1217,P002,sequential,0,0.0
60-day step,1217,P002,sequential,1,-0.031603539594767326
60-day step,1217,P002,sequential,2,-0.0908735311446201
60-day step,1217,P002,sequential,3,0.11956174175144424
60-day step,1217,P002,sequential,4,0.05157346401600403
60-day step,1217,P002,sequential,5,0.05367573971234998
60-day step,1218,P001,graph,0,0.10697741900231701
60-day step,1218,P001,graph,1,0.06351859614205042
60-day step,1218,P001,graph,2,-0.006783295185590341
60-day step,1218,P001,graph,3,0.31774931839381976
60-day step,1218,P001,graph,4,0.0
60-day step,1218,P001,graph,5,-0.017003852916248764
60-day step,1218,P001,sequential,0,0.0
60-day step,1218,P001,sequential,1,-0.043458822860266574
60-day step,1218,P001,sequential,2,-0.11376071418790736
60-day step,1218,P001,sequential,3,0.2107718993915027
60-day step,1218,P001,sequential,4,-0.1073881228217724
60-day step,1218,P001,sequential,5,-0.12474258147380009
60-day step,1218,P002,graph,0,0.1328677750657917
60-day step,1218,P002,graph,1,0.015025662071932526
60-day step,1218,P002,graph,2,0.042688278719869514
60-day step,1218,P002,graph,3,0.4145633669755534
60-day step,1218,P002,graph,4,-0.026473306832131536
60-day step,1218,P002,graph,5,0.0
60-day step,1218,P002,sequential,0,0.0
60-day step,1218,P002,sequential,1,-0.11784211299385916
60-day step,1218,P002,sequential,2,-0.09017949634592218
60-day step,1218,P002,sequential,3,0.2816955919097618
60-day step,1218,P002,sequential,4,-0.16181140451113152
60-day step,1218,P002,sequential,5,-0.1362404877540861
60-day step,1219,P001,graph,0,-0.06334617452966265
60-day step,1219,P001,graph,1,-0.05991956167596904
60-day step,1219,P001,graph,2,-0.1404527031391115
60-day step,1219,P001,graph,3,0.17712724931136337
60-day step,1219,P001,graph,4,0.0
60-day step,1219,P001,graph,5,-0.02276671400521495
60-day step,1219,P001,sequential,0,0.0
60-day step,1219,P001,sequential,1,0.003426612853693617
60-day step,1219,P001,sequential,2,-0.07710652860944883
60-day step,1219,P001,sequential,3,0.2404734238410261
60-day step,1219,P001,sequential,4,0.06176666801044964
60-day step,1219,P001,sequential,5,0.03823559529661551
60-day step,1219,P002,graph,0,0.04600472670372009
60-day step,1219,P002,graph,1,0.03301523200112875
60-day step,1219,P002,graph,2,0.13785511130481276
60-day step,1219,P002,graph,3,0.27380481722793615
60-day step,1219,P002,graph,4,0.0
60-day step,1219,P002,graph,5,0.02608382547102871
60-day step,1219,P002,sequential,0,0.0
60-day step,1219,P002,sequential,1,-0.012989494702591345
60-day step,1219,P002,sequential,2,0.09185038460109263
60-day step,1219,P002,sequential,3,0.227800090524216
60-day step,1219,P002,sequential,4,-0.05103403444739443
60-day step,1219,P002,sequential,5,-0.02738319235423921
30-day step,1200,P001,graph,0,0.07932140174654886
30-day step,1200,P001,graph,1,0.08788100928895551
30-day step,1200,P001,graph,2,0.017745856787856503
30-day step,1200,P001,graph,3,0.036449900468010055
30-day step,1200,P001,graph,4,-0.04146384607772603
30-day step,1200,P001,graph,5,0.0
30-day step,1200,P001,graph,6,0.2576895327338646
30-day step,1200,P001,graph,7,0.013528754740893737
30-day step,1200,P001,graph,8,0.05973653241672711
30-day step,1200,P001,graph,9,0.03271286637581606
30-day step,1200,P001,sequential,0,0.0
30-day step,1200,P001,sequential,1,0.011087676750012562
30-day step,1200,P001,sequential,2,-0.06157143292155482
30-day step,1200,P001,sequential,3,-0.04558087968756349
30-day step,1200,P001,sequential,4,-0.12294552173459844
30-day step,1200,P001,sequential,5,-0.07715194817123537
30-day step,1200,P001,sequential,6,0.1786253101842159
30-day step,1200,P001,sequential,7,-0.06710480689537884
30-day step,1200,P001,sequential,8,-0.02184984501141704
30-day step,1200,P001,sequential,9,-0.05017566536385332
30-day step,1200,P002,graph,0,0.06406059278252324
30-day step,1200,P002,graph,1,0.041654063066802735
30-day step,1200,P002,graph,2,-0.029408777957322895
30-day step,1200,P002,graph,3,-0.0284150686542579
30-day step,1200,P002,graph,4,0.0
30-day step,1200,P002,graph,5,-0.002671234338758651
30-day step,1200,P002,graph,6,0.2030913214237153
30-day step,1200,P002,graph,7,0.03953576764777706
30-day step,1200,P002,graph,8,0.0209832938177163
30-day step,1200,P002,graph,9,-0.01608488503657654
30-day step,1200,P002,sequential,0,0.0
30-day step,1200,P002,sequential,1,-0.023805156706350573
30-day step,1200,P002,sequential,2,-0.0934377812749232
30-day step,1200,P002,sequential,3,-0.09386999865575088
30-day step,1200,P002,sequential,4,-0.0676977435961178
30-day step,1200,P002,sequential,5,-0.07026757412948793
30-day step,1200,P002,sequential,6,0.13421810953937752
30-day step,1200,P002,sequential,7,-0.02922682800047846
30-day step,1200,P002,sequential,8,-0.04682354908142462
30-day step,1200,P002,sequential,9,-0.0819144096699404
30-day step,1201,P001,graph,0,0.026140563145563858
30-day step,1201,P001,graph,1,0.07726491153671522
30-day step,1201,P001,graph,2,-0.04788087630556592
30-day step,1201,P001,graph,3,-0.039896017191924336
30-day step,1201,P001,graph,4,-0.0003752024042360696
30-day step,1201,P001,graph,5,0.0
30-day step,1201,P001,graph,6,0.31184591648127413
30-day step,1201,P001,graph,7,0.10213561980148532
30-day step,1201,P001,graph,8,0.15358895378190981
30-day step,1201,P001,graph,9,0.14296092798369417
30-day step,1201,P001,sequential,0,0.0
30-day step,1201,P001,sequential,1,0.05346337189942219
30-day step,1201,P001,sequential,2,-0.07116496314155324
30-day step,1201,P001,sequential,3,-0.06385477614273664
30-day step,1201,P001,sequential,4,-0.023052582787032865
30-day step,1201,P001,sequential,5,-0.022930355310927072
30-day step,1201,P001,sequential,6,0.2870476672696668
30-day step,1201,P001,sequential,7,0.07607798506971492
30-day step,1201,P001,sequential,8,0.12758464267614833
30-day step,1201,P001,sequential,9,0.11983387116821974
30-day step,1201,P002,graph,0,-0.25356463149151187
30-day step,1201,P002,graph,1,-0.33045473743035453
30-day step,1201,P002,graph,2,-0.3467803083681776
30-day step,1201,P002,graph,3,-0.4136220102496478
30-day step,1201,P002,graph,4,-0.35251854927088955
30-day step,1201,P002,graph,5,-0.40334037123432703
30-day step,1201,P002,graph,6,0.0
30-day step,1201,P002,graph,7,-0.21608287969021497
30-day step,1201,P002,graph,8,-0.25016934122396245
30-day step,1201,P002,graph,9,-0.27486731303243234
30-day step,1201,P002,sequential,0,0.0
30-day step,1201,P002,sequential,1,-0.07883036745215945
30-day step,1201,P002,sequential,2,-0.09290156429202773
30-day step,1201,P002,sequential,3,-0.15635901428511206
30-day step,1201,P002,sequential,4,-0.09718413675958248
30-day step,1201,P002,sequential,5,-0.14535781921186303
30-day step,1201,P002,sequential,6,0.2596627269962072
30-day step,1201,P002,sequential,7,0.042558131891050455
30-day step,1201,P002,sequential,8,0.010037055884450793
30-day step,1201,P002,sequential,9,-0.013658870932590588
30-day step,1202,P001,graph,0,0.1413029945498654
30-day step,1202,P001,graph,1,0.10812707696567302
30-day step,1202,P001,graph,2,0.06319655344396233
30-day step,1202,P001,graph,3,0.0
30-day step,1202,P001,graph,4,0.02600947255479003
30-day step,1202,P001,graph,5,0.017744430696482072
30-day step,1202,P001,graph,6,0.30887434219446386
30-day step,1202,P001,graph,7,0.16144636590694725
30-day step,1202,P001,graph,8,0.17199008670151958
30-day step,1202,P001,graph,9,0.11896615042095986
30-day step,1202,P001,sequential,0,0.0
30-day step,1202,P001,sequential,1,-0.03140878417394735
30-day step,1202,P001,sequential,2,-0.07679478066903284
30-day step,1202,P001,sequential,3,-0.14095056887801027
30-day step,1202,P001,sequential,4,-0.11305081455341805
30-day step,1202,P001,sequential,5,-0.1226163852063575
30-day step,1202,P001,sequential,6,0.16701555782839722
30-day step,1202,P001,sequential,7,0.020106109334336736
30-day step,1202,P001,sequential,8,0.030760579255909144
30-day step,1202,P001,sequential,9,-0.023257867131065882
30-day step,1202,P002,graph,0,0.19256355950128873
30-day step,1202,P002,graph,1,0.20281920983321802
30-day step,1202,P002,graph,2,-0.015042503082002605
30-day step,1202,P002,graph,3,0.01806858024338998
30-day step,1202,P002,graph,4,0.0
30-day step,1202,P002,graph,5,-0.007823164582984082
30-day step,1202,P002,graph,6,0.3151936134884228
30-day step,1202,P002,graph,7,0.19043580563002224
30-day step,1202,P002,graph,8,0.25061273829709024
30-day step,1202,P002,graph,9,0.21200835334294318
30-day step,1202,P002,sequential,0,0.0
30-day step,1202,P002,sequential,1,0.01050699862038623
30-day step,1202,P002,sequential,2,-0.2077596228703492
30-day step,1202,P002,sequential,3,-0.17620483415918642
30-day step,1202,P002,sequential,4,-0.19775392910959494
30-day step,1202,P002,sequential,5,-0.20776446542861676
30-day step,1202,P002,sequential,6,0.12005175193593581
30-day step,1202,P002,sequential,7,-0.002485479289318651
30-day step,1202,P002,sequential,8,0.0585095887431615
30-day step,1202,P002,sequential,9,0.02025673174983615
30-day step,1203,P001,graph,0,0.34321407335222526
30-day step,1203,P001,graph,1,0.30550709183944286
30-day step,1203,P001,graph,2,0.005006742105404778
30-day step,1203,P001,graph,3,0.022828409539271392
30-day step,1203,P001,graph,4,0.023602276764315606
30-day step,1203,P001,graph,5,0.0
30-day step,1203,P001,graph,6,0.4470562347639208
30-day step,1203,P001,graph,7,0.32622907366933884
30-day step,1203,P001,graph,8,0.33000123186401736
30-day step,1203,P001,graph,9,0.33786464203786104
30-day step,1203,P001,sequential,0,0.0
30-day step,1203,P001,sequential,1,-0.0373702039378876
30-day step,1203,P001,sequential,2,-0.338048691816095
30-day step,1203,P001,sequential,3,-0.31807566829299166
30-day step,1203,P001,sequential,4,-0.31853834522085356
30-day step,1203,P001,sequential,5,-0.34169836253212194
30-day step,1203,P001,sequential,6,0.1041125229724727
30-day step,1203,P001,sequential,7,-0.017937970346345145
30-day step,1203,P001,sequential,8,-0.016473990672431233
30-day step,1203,P001,sequential,9,-0.008454242664845811
30-day step,1203,P002,graph,0,0.32859072418634067
30-day step,1203,P002,graph,1,0.3330940039531685
30-day step,1203,P002,graph,2,0.017547421679484188
30-day step,1203,P002,graph,3,-0.02384930060931408
30-day step,1203,P002,graph,4,-0.02378449490830607
30-day step,1203,P002,graph,5,0.0
30-day step,1203,P002,graph,6,0.36592690266831396
30-day step,1203,P002,graph,7,0.21845817406795592
30-day step,1203,P002,graph,8,0.1665750736590056
30-day step,1203,P002,graph,9,0.18170301587288668
30-day step,1203,P002,sequential,0,0.0
30-day step,1203,P002,sequential,1,0.002118366533750875
30-day step,1203,P002,sequential,2,-0.31688609874152096
30-day step,1203,P002,sequential,3,-0.361150791576954
30-day step,1203,P002,sequential,4,-0.36117358496732566
30-day step,1203,P002,sequential,5,-0.33228923567857127
30-day step,1203,P002,sequential,6,0.032531414471796916
30-day step,1203,P002,sequential,7,-0.11560546338772246
30-day step,1203,P002,sequential,8,-0.16570429745248647
30-day step,1203,P002,sequential,9,-0.150488499526715
30-day step,1204,P001,graph,0,-0.1401595334018452
30-day step,1204,P001,graph,1,-0.11111174478668807
30-day step,1204,P001,graph,2,-0.18436962909697466
30-day step,1204,P001,graph,3,-0.2437887740464117
30-day step,1204,P001,graph,4,-0.24460591126927186
30-day step,1204,P001,graph,5,-0.21874893953773233
30-day step,1204,P001,graph,6,0.0
30-day step,1204,P001,graph,7,-0.21111290425105703
30-day step,1204,P001,graph,8,-0.16534075050233016
30-day step,1204,P001,graph,9,-0.2194933745915478
30-day step,1204,P001,sequential,0,0.0
30-day step,1204,P001,sequential,1,0.024388646162400756
30-day step,1204,P001,sequential,2,-0.04698047183885587
30-day step,1204,P001,sequential,3,-0.10605844512166096
30-day step,1204,P001,sequential,4,-0.1054173062035419
30-day step,1204,P001,sequential,5,-0.08117391271929598
30-day step,1204,P001,sequential,6,0.1335109794198408
30-day step,1204,P001,sequential,7,-0.07951674760330837
30-day step,1204,P001,sequential,8,-0.032573057825207544
30-day step,1204,P001,sequential,9,-0.08827975748788303
30-day step,1204,P002,graph,0,0.13924246888380154
30-day step,1204,P002,graph,1,0.1497465424300662
30-day step,1204,P002,graph,2,0.0
30-day step,1204,P002,graph,3,-0.018909649840301846
30-day step,1204,P002,graph,4,-0.020377679257321882
30-day step,1204,P002,graph,5,0.03010535869127275
30-day step,1204,P002,graph,6,0.2913637469581394
30-day step,1204,P002,graph,7,-0.041623417325560394
30-day step,1204,P002,graph,8,0.01533057753682938
30-day step,1204,P002,graph,9,-0.05364170406526611
30-day step,1204,P002,sequential,0,0.0
30-day step,1204,P002,sequential,1,0.013780716273284203
30-day step,1204,P002,sequential,2,-0.1406571869009832
30-day step,1204,P002,sequential,3,-0.1603964629137188
30-day step,1204,P002,sequential,4,-0.15859059602668743
30-day step,1204,P002,sequential,5,-0.1059966004305702
30-day step,1204,P002,sequential,6,0.15250071024526735
30-day step,1204,P002,sequential,7,-0.18270179961495764
30-day step,1204,P002,sequential,8,-0.12445184816709207
30-day step,1204,P002,sequential,9,-0.19038884458666
30-day step,1205,P001,graph,0,0.15507330553157309
30-day step,1205,P001,graph,1,0.10038467920865098
30-day step,1205,P001,graph,2,0.0
30-day step,1205,P001,graph,3,-0.047259931691197216
30-day step,1205,P001,graph,4,-0.048853922694964774
30-day step,1205,P001,graph,5,-0.08023934180473108
30-day step,1205,P001,graph,6,-0.08555733880028885
30-day step,1205,P001,graph,7,-0.12188938777640813
30-day step,1205,P001,graph,8,-0.1739851583955671
30-day step,1205,P001,graph,9,-0.11550761389608974
30-day step,1205,P001,sequential,0,0.0
30-day step,1205,P001,sequential,1,-0.0586275297419959
30-day step,1205,P001,sequential,2,-0.15695220586020506
30-day step,1205,P001,sequential,3,-0.20563998395891803
30-day step,1205,P001,sequential,4,-0.206780620594356
30-day step,1205,P001,sequential,5,-0.2391316400951952
30-day step,1205,P001,sequential,6,-0.24727510682005777
30-day step,1205,P001,sequential,7,-0.28323382174394485
30-day step,1205,P001,sequential,8,-0.3316583814373798
30-day step,1205,P001,sequential,9,-0.27328745626051504
30-day step,1205,P002,graph,0,0.04576060550406784
30-day step,1205,P002,graph,1,0.18925124256006046
30-day step,1205,P002,graph,2,-0.005483498723499011
30-day step,1205,P002,graph,3,0.0
30-day step,1205,P002,graph,4,-0.054829085080824444
30-day step,1205,P002,graph,5,-0.04480476431038681
30-day step,1205,P002,graph,6,0.05015725131913754
30-day step,1205,P002,graph,7,-0.08870296358573394
30-day step,1205,P002,graph,8,-0.00903470052216152
30-day step,1205,P002,graph,9,-0.05985916382538059
30-day step,1205,P002,sequential,0,0.0
30-day step,1205,P002,sequential,1,0.14028333064315537
30-day step,1205,P002,sequential,2,-0.05801779755601047
30-day step,1205,P002,sequential,3,-0.05676926059335981
30-day step,1205,P002,sequential,4,-0.11068438465408896
30-day step,1205,P002,sequential,5,-0.09184944124328995
30-day step,1205,P002,sequential,6,-0.0016336645638015956
30-day step,1205,P002,sequential,7,-0.14214807445293845
30-day step,1205,P002,sequential,8,-0.06238715256299829
30-day step,1205,P002,sequential,9,-0.11153702213592226
30-day step,1206,P001,graph,0,-0.0052816509868402915
30-day step,1206,P001,graph,1,0.005815150106438291
30-day step,1206,P001,graph,2,0.0
30-day step,1206,P001,graph,3,0.013465260989225541
30-day step,1206,P001,graph,4,0.049425319367891886
30-day step,1206,P001,graph,5,0.0019021673909448155
30-day step,1206,P001,graph,6,0.04690638164654174
30-day step,1206,P001,graph,7,0.0594976969672913
30-day step,1206,P001,graph,8,0.04194220075904474
30-day step,1206,P001,graph,9,0.009087898158505322
30-day step,1206,P001,sequential,0,0.0
30-day step,1206,P001,sequential,1,0.014373728364519084
30-day step,1206,P001,sequential,2,0.008473123681640212
30-day step,1206,P001,sequential,3,0.021893207167153043
30-day step,1206,P001,sequential,4,0.05758797964710474
30-day step,1206,P001,sequential,5,0.011899359545186575
30-day step,1206,P001,sequential,6,0.05453626116503725
30-day step,1206,P001,sequential,7,0.06649992981128175
30-day step,1206,P001,sequential,8,0.05124054932980349
30-day step,1206,P001,sequential,9,0.019597036382341462
30-day step,1206,P002,graph,0,0.03700068993576283
30-day step,1206,P002,graph,1,0.000452929785571808
30-day step,1206,P002,graph,2,0.04861323256464821
30-day step,1206,P002,graph,3,0.0
30-day step,1206,P002,graph,4,0.03460803988821475
30-day step,1206,P002,graph,5,0.103748743920303
30-day step,1206,P002,graph,6,0.14662088273483076
30-day step,1206,P002,graph,7,0.07286698872039353
30-day step,1206,P002,graph,8,0.014660942840459292
30-day step,1206,P002,graph,9,-0.012252833109511153
30-day step,1206,P002,sequential,0,0.0
30-day step,1206,P002,sequential,1,-0.036252774495930076
30-day step,1206,P002,sequential,2,0.01271511799166418
30-day step,1206,P002,sequential,3,-0.034110588384990655
30-day step,1206,P002,sequential,4,0.0026835988638715946
30-day step,1206,P002,sequential,5,0.07338914068892327
30-day step,1206,P002,sequential,6,0.11321211415625368
30-day step,1206,P002,sequential,7,0.03862760185551875
30-day step,1206,P002,sequential,8,-0.02203438840770274
30-day step,1206,P002,sequential,9,-0.04864336816405607
30-day step,1207,P001,graph,0,0.29380139451858545
30-day step,1207,P001,graph,1,0.3151234892998883
30-day step,1207,P001,graph,2,0.07171383332141716
30-day step,1207,P001,graph,3,-0.006260020213234546
30-day step,1207,P001,graph,4,0.027299585072931787
30-day step,1207,P001,graph,5,0.0
30-day step,1207,P001,graph,6,0.2910533412738531
30-day step,1207,P001,graph,7,0.24019971402846704
30-day step,1207,P001,graph,8,0.237998464799992
30-day step,1207,P001,graph,9,0.2834563123055206
30-day step,1207,P001,sequential,0,0.0
30-day step,1207,P001,sequential,1,0.02257070001662925
30-day step,1207,P001,sequential,2,-0.21767320646701982
30-day step,1207,P001,sequential,3,-0.29294903482436757
30-day step,1207,P001,sequential,4,-0.25887923769721255
30-day step,1207,P001,sequential,5,-0.28181864296286213
30-day step,1207,P001,sequential,6,0.009642858286677602
30-day step,1207,P001,sequential,7,-0.04065781622277028
30-day step,1207,P001,sequential,8,-0.04251648959923123
30-day step,1207,P001,sequential,9,0.002005868668716916
30-day step,1207,P002,graph,0,0.34564730261203364
30-day step,1207,P002,graph,1,0.3807159661519858
30-day step,1207,P002,graph,2,0.0
30-day step,1207,P002,graph,3,-0.02303032527120924
30-day step,1207,P002,graph,4,0.02388306194669699
30-day step,1207,P002,graph,5,0.0066593718353516
30-day step,1207,P002,graph,6,0.2669260864667904
30-day step,1207,P002,graph,7,0.19674342279333815
30-day step,1207,P002,graph,8,0.2208578712228427
30-day step,1207,P002,graph,9,0.20918098314665115
30-day step,1207,P002,sequential,0,0.0
30-day step,1207,P002,sequential,1,0.03752053952154093
30-day step,1207,P002,sequential,2,-0.34279186175349174
30-day step,1207,P002,sequential,3,-0.36479397489419135
30-day step,1207,P002,sequential,4,-0.3164103228654359
30-day step,1207,P002,sequential,5,-0.3320411054236333
30-day step,1207,P002,sequential,6,-0.07276595115653084
30-day step,1207,P002,sequential,7,-0.14346951678294684
30-day step,1207,P002,sequential,8,-0.11782370379425657
30-day step,1207,P002,sequential,9,-0.12896253627359283
30-day step,1208,P001,graph,0,0.08213361704689112
30-day step,1208,P001,graph,1,0.07069807323486245
30-day step,1208,P001,graph,2,-0.04356958567967487
30-day step,1208,P001,graph,3,-0.014761009110317622
30-day step,1208,P001,graph,4,0.0
30-day step,1208,P001,graph,5,-0.039002380130740366
30-day step,1208,P001,graph,6,0.21070740135342103
30-day step,1208,P001,graph,7,-0.0857699936866038
30-day step,1208,P001,graph,8,-0.08363988349856297
30-day step,1208,P001,graph,9,-0.040469979877039056
30-day step,1208,P001,sequential,0,0.0
30-day step,1208,P001,sequential,1,-0.01458214266388236
30-day step,1208,P001,sequential,2,-0.13104753424298055
30-day step,1208,P001,sequential,3,-0.09899658496137126
30-day step,1208,P001,sequential,4,-0.08010711152652299
30-day step,1208,P001,sequential,5,-0.12158252502845217
30-day step,1208,P001,sequential,6,0.12705459502714583
30-day step,1208,P001,sequential,7,-0.1695021042023318
30-day step,1208,P001,sequential,8,-0.16348736054460797
30-day step,1208,P001,sequential,9,-0.12139460308828565
30-day step,1208,P002,graph,0,0.05768566235598143
30-day step,1208,P002,graph,1,0.1139592953002343
30-day step,1208,P002,graph,2,-0.08177176518142387
30-day step,1208,P002,graph,3,-0.03469764586740773
30-day step,1208,P002,graph,4,-0.04128453902178973
30-day step,1208,P002,graph,5,0.026860673946694412
30-day step,1208,P002,graph,6,0.2085033913261121
30-day step,1208,P002,graph,7,0.0
30-day step,1208,P002,graph,8,-0.003240457795448817
30-day step,1208,P002,graph,9,0.0560482677159677
30-day step,1208,P002,sequential,0,0.0
30-day step,1208,P002,sequential,1,0.05738351466689805
30-day step,1208,P002,sequential,2,-0.1382179570911929
30-day step,1208,P002,sequential,3,-0.09356765203201754
30-day step,1208,P002,sequential,4,-0.09886678841092503
30-day step,1208,P002,sequential,5,-0.030951432227085685
30-day step,1208,P002,sequential,6,0.1530345071485125
30-day step,1208,P002,sequential,7,-0.056384066768453006
30-day step,1208,P002,sequential,8,-0.061257514576434705
30-day step,1208,P002,sequential,9,-0.0034655652752306754
30-day step,1209,P001,graph,0,-0.06405019795043349
30-day step,1209,P001,graph,1,0.0017826988019285337
30-day step,1209,P001,graph,2,-0.2745898605278344
30-day step,1209,P001,graph,3,-0.20840734897903665
30-day step,1209,P001,graph,4,-0.25217128714948106
30-day step,1209,P001,graph,5,-0.20519479821660486
30-day step,1209,P001,graph,6,0.0
30-day step,1209,P001,graph,7,-0.08279155448360977
30-day step,1209,P001,graph,8,-0.019156669259316503
30-day step,1209,P001,graph,9,-0.056838392460584405
30-day step,1209,P001,sequential,0,0.0
30-day step,1209,P001,sequential,1,0.06188562526927289
30-day step,1209,P001,sequential,2,-0.21204209025199244
30-day step,1209,P001,sequential,3,-0.14372507929053985
30-day step,1209,P001,sequential,4,-0.1847443844073177
30-day step,1209,P001,sequential,5,-0.13723929833100354
30-day step,1209,P001,sequential,6,0.06623393588145654
30-day step,1209,P001,sequential,7,-0.017777262294233834
30-day step,1209,P001,sequential,8,0.04493485368791415
30-day step,1209,P001,sequential,9,0.005471332473265901
30-day step,1209,P002,graph,0,0.18109839010021625
30-day step,1209,P002,graph,1,0.18056190276830641
30-day step,1209,P002,graph,2,-0.008855370099520683
30-day step,1209,P002,graph,3,-0.004519345137249435
30-day step,1209,P002,graph,4,-5.178115812351908e-05
30-day step,1209,P002,graph,5,0.0
30-day step,1209,P002,graph,6,0.1459630982882518
30-day step,1209,P002,graph,7,0.09343256358039427
30-day step,1209,P002,graph,8,0.1488788285064662
30-day step,1209,P002,graph,9,0.11708670944631937
30-day step,1209,P002,sequential,0,0.0
30-day step,1209,P002,sequential,1,0.0016157229015370408
30-day step,1209,P002,sequential,2,-0.18913358172302597
30-day step,1209,P002,sequential,3,-0.18391501991018858
30-day step,1209,P002,sequential,4,-0.180721192445224
30-day step,1209,P002,sequential,5,-0.17828196940907162
30-day step,1209,P002,sequential,6,-0.025661684575364413
30-day step,1209,P002,sequential,7,-0.07642595978244514
30-day step,1209,P002,sequential,8,-0.020759061080881096
30-day step,1209,P002,sequential,9,-0.052272165105678094
30-day step,1210,P001,graph,0,0.24786683083155794
30-day step,1210,P001,graph,1,0.25535795038239456
30-day step,1210,P001,graph,2,0.08087670716790164
30-day step,1210,P001,graph,3,0.0
30-day step,1210,P001,graph,4,0.06519191191696386
30-day step,1210,P001,graph,5,0.07986083156805086
30-day step,1210,P001,graph,6,0.5608814314761901
30-day step,1210,P001,graph,7,0.4336175102447974
30-day step,1210,P001,graph,8,0.42606756378838107
30-day step,1210,P001,graph,9,0.5002415842561067
30-day step,1210,P001,sequential,0,0.0
30-day step,1210,P001,sequential,1,0.006595198401298228
30-day step,1210,P001,sequential,2,-0.16914686891791558
30-day step,1210,P001,sequential,3,-0.2497019968600228
30-day step,1210,P001,sequential,4,-0.18728015481467347
30-day step,1210,P001,sequential,5,-0.17127305131085585
30-day step,1210,P001,sequential,6,0.30864220477306575
30-day step,1210,P001,sequential,7,0.18247486387976963
30-day step,1210,P001,sequential,8,0.1747824785054995
30-day step,1210,P001,sequential,9,0.24998265531973426
30-day step,1210,P002,graph,0,0.11372504327826581
30-day step,1210,P002,graph,1,0.1893404129296607
30-day step,1210,P002,graph,2,-0.01109996361342742
30-day step,1210,P002,graph,3,-0.003973342135222719
30-day step,1210,P002,graph,4,0.017121124820001114
30-day step,1210,P002,graph,5,0.0
30-day step,1210,P002,graph,6,0.3597143477278461
30-day step,1210,P002,graph,7,0.2902297446364915
30-day step,1210,P002,graph,8,0.3469935793749653
30-day step,1210,P002,graph,9,0.3238947632633802
30-day step,1210,P002,sequential,0,0.0
30-day step,1210,P002,sequential,1,0.07325422265744733
30-day step,1210,P002,sequential,2,-0.1281541748668382
30-day step,1210,P002,sequential,3,-0.12064065174835821
30-day step,1210,P002,sequential,4,-0.09836720418600842
30-day step,1210,P002,sequential,5,-0.1152127499244669
30-day step,1210,P002,sequential,6,0.24429929058932975
30-day step,1210,P002,sequential,7,0.1738545691103317
30-day step,1210,P002,sequential,8,0.22966959231138484
30-day step,1210,P002,sequential,9,0.2057540439584731
30-day step,1211,P001,graph,0,-0.10109016589612556
30-day step,1211,P001,graph,1,-0.10890527883844114
30-day step,1211,P001,graph,2,-0.1877157042012554
30-day step,1211,P001,graph,3,-0.23561870953132522
30-day step,1211,P001,graph,4,-0.18565236512216773
30-day step,1211,P001,graph,5,-0.1854347943949779
30-day step,1211,P001,graph,6,0.0
30-day step,1211,P001,graph,7,-0.12026380822555734
30-day step,1211,P001,graph,8,-0.053098952677409016
30-day step,1211,P001,graph,9,-0.11164623381263548
30-day step,1211,P001,sequential,0,0.0
30-day step,1211,P001,sequential,1,-0.0052265727412467225
30-day step,1211,P001,sequential,2,-0.07971986397671146
30-day step,1211,P001,sequential,3,-0.1271031094816112
30-day step,1211,P001,sequential,4,-0.08182760778144253
30-day step,1211,P001,sequential,5,-0.08208746157893584
30-day step,1211,P001,sequential,6,0.10563895064282999
30-day step,1211,P001,sequential,7,-0.015556836254622161
30-day step,1211,P001,sequential,8,0.050297755674903605
30-day step,1211,P001,sequential,9,-0.003815094245613833
30-day step,1211,P002,graph,0,0.09078299862028676
30-day step,1211,P002,graph,1,0.0781319715294796
30-day step,1211,P002,graph,2,0.01248952179749672
30-day step,1211,P002,graph,3,-0.007279819898056645
30-day step,1211,P002,graph,4,-0.04432031494408257
30-day step,1211,P002,graph,5,0.0
30-day step,1211,P002,graph,6,0.17505216716832606
30-day step,1211,P002,graph,7,-0.042874071939046424
30-day step,1211,P002,graph,8,0.003274324901249598
30-day step,1211,P002,graph,9,0.01304082919193007
30-day step,1211,P002,sequential,0,0.0
30-day step,1211,P002,sequential,1,-0.014183770410972235
30-day step,1211,P002,sequential,2,-0.0794736220455743
30-day step,1211,P002,sequential,3,-0.0988971551036654
30-day step,1211,P002,sequential,4,-0.13872201241972532
30-day step,1211,P002,sequential,5,-0.09589478672218885
30-day step,1211,P002,sequential,6,0.08342777323799067
30-day step,1211,P002,sequential,7,-0.13616065366183874
30-day step,1211,P002,sequential,8,-0.08839780732954224
30-day step,1211,P002,sequential,9,-0.07733876480006201
30-day step,1212,P001,graph,0,0.1291896147855726
30-day step,1212,P001,graph,1,0.0912915247409177
30-day step,1212,P001,graph,2,0.04717399954464766
30-day step,1212,P001,graph,3,-0.02760007544972736
30-day step,1212,P001,graph,4,-0.0023694882200464237
30-day step,1212,P001,graph,5,0.0
30-day step,1212,P001,graph,6,0.1843149070238393
30-day step,1212,P001,graph,7,-0.1503946181641998
30-day step,1212,P001,graph,8,-0.05975205826065686
30-day step,1212,P001,graph,9,-0.09801514363028888
30-day step,1212,P001,sequential,0,0.0
30-day step,1212,P001,sequential,1,-0.0385562295314119
30-day step,1212,P001,sequential,2,-0.08550158291742352
30-day step,1212,P001,sequential,3,-0.16103770634247833
30-day step,1212,P001,sequential,4,-0.1328255672518023
30-day step,1212,P001,sequential,5,-0.13130561190680326
30-day step,1212,P001,sequential,6,0.05504918969747538
30-day step,1212,P001,sequential,7,-0.2789093785783049
30-day step,1212,P001,sequential,8,-0.18815118147907017
30-day step,1212,P001,sequential,9,-0.22545774592453716
30-day step,1212,P002,graph,0,0.25283066669222404
30-day step,1212,P002,graph,1,0.27578149579083233
30-day step,1212,P002,graph,2,-0.07359690994420054
30-day step,1212,P002,graph,3,-0.06232360499762939
30-day step,1212,P002,graph,4,0.0
30-day step,1212,P002,graph,5,-0.05201026085305282
30-day step,1212,P002,graph,6,0.2008367092420448
30-day step,1212,P002,graph,7,0.020078740239218566
30-day step,1212,P002,graph,8,0.030001385900423942
30-day step,1212,P002,graph,9,0.009371027295515453
30-day step,1212,P002,sequential,0,0.0
30-day step,1212,P002,sequential,1,0.023483024146485204
30-day step,1212,P002,sequential,2,-0.32669828253793565
30-day step,1212,P002,sequential,3,-0.315650178632223
30-day step,1212,P002,sequential,4,-0.25261774143427074
30-day step,1212,P002,sequential,5,-0.297745558032465
30-day step,1212,P002,sequential,6,-0.04407739275294459
30-day step,1212,P002,sequential,7,-0.2270264516695733
30-day step,1212,P002,sequential,8,-0.2212517723989678
30-day step,1212,P002,sequential,9,-0.2409731981139176
30-day step,1213,P001,graph,0,-0.03212294002956595
30-day step,1213,P001,graph,1,-0.04537266021118536
30-day step,1213,P001,graph,2,-0.073359455732157
30-day step,1213,P001,graph,3,-0.05900999324259399
30-day step,1213,P001,graph,4,-0.07942301801311309
30-day step,1213,P001,graph,5,0.0
30-day step,1213,P001,graph,6,0.17307481225212548
30-day step,1213,P001,graph,7,-0.2598619172047758
30-day step,1213,P001,graph,8,-0.33290281711468817
30-day step,1213,P001,graph,9,-0.2929385201642491
30-day step,1213,P001,sequential,0,0.0
30-day step,1213,P001,sequential,1,-0.014660171880511844
30-day step,1213,P001,sequential,2,-0.04359084763125968
30-day step,1213,P001,sequential,3,-0.03184806323121921
30-day step,1213,P001,sequential,4,-0.055356810625116326
30-day step,1213,P001,sequential,5,0.02514047596224682
30-day step,1213,P001,sequential,6,0.20088174977124507
30-day step,1213,P001,sequential,7,-0.2327791050675181
30-day step,1213,P001,sequential,8,-0.3077135869997741
30-day step,1213,P001,sequential,9,-0.26426286211605327
30-day step,1213,P002,graph,0,0.05953117055867548
30-day step,1213,P002,graph,1,0.04708639280801582
30-day step,1213,P002,graph,2,0.0
30-day step,1213,P002,graph,3,0.027802018783292887
30-day step,1213,P002,graph,4,0.009882254963654365
30-day step,1213,P002,graph,5,0.01781247085067804
30-day step,1213,P002,graph,6,0.3238106911015858
30-day step,1213,P002,graph,7,-0.07549758595611294
30-day step,1213,P002,graph,8,-0.054104210735327
30-day step,1213,P002,graph,9,-0.08407002769815737
30-day step,1213,P002,sequential,0,0.0
30-day step,1213,P002,sequential,1,-0.017341620307307803
30-day step,1213,P002,sequential,2,-0.06611841491302474
30-day step,1213,P002,sequential,3,-0.04144537357845157
30-day step,1213,P002,sequential,4,-0.06011237804983419
30-day step,1213,P002,sequential,5,-0.0532951495883501
30-day step,1213,P002,sequential,6,0.25318509444498527
30-day step,1213,P002,sequential,7,-0.14670008493493453
30-day step,1213,P002,sequential,8,-0.12529303489402205
30-day step,1213,P002,sequential,9,-0.15535221204402064
30-day step,1214,P001,graph,0,0.3145623801358976
30-day step,1214,P001,graph,1,0.3738547602468035
30-day step,1214,P001,graph,2,0.03914420318121587
30-day step,1214,P001,graph,3,0.03418511870626375
30-day step,1214,P001,graph,4,0.018160643564642365
30-day step,1214,P001,graph,5,0.0
30-day step,1214,P001,graph,6,0.4593982875424951
30-day step,1214,P001,graph,7,0.12451110572156696
30-day step,1214,P001,graph,8,0.14654026389939942
30-day step,1214,P001,graph,9,0.11914869850214713
30-day step,1214,P001,sequential,0,0.0
30-day step,1214,P001,sequential,1,0.0591836160419857
30-day step,1214,P001,sequential,2,-0.27225838319791185
30-day step,1214,P001,sequential,3,-0.274813316357636
30-day step,1214,P001,sequential,4,-0.29467712042570526
30-day step,1214,P001,sequential,5,-0.31543440228065067
30-day step,1214,P001,sequential,6,0.1531134377660225
30-day step,1214,P001,sequential,7,-0.17741172377553022
30-day step,1214,P001,sequential,8,-0.15430836244050344
30-day step,1214,P001,sequential,9,-0.18046655001068182
30-day step,1214,P002,graph,0,0.32834908210074853
30-day step,1214,P002,graph,1,0.2795314907622532
30-day step,1214,P002,graph,2,-0.05588032059962057
30-day step,1214,P002,graph,3,-0.018278270681055583
30-day step,1214,P002,graph,4,0.0
30-day step,1214,P002,graph,5,-0.016210372087142738
30-day step,1214,P002,graph,6,0.4450549917506082
30-day step,1214,P002,graph,7,0.0270214605944001
30-day step,1214,P002,graph,8,-0.021535004565255943
30-day step,1214,P002,graph,9,0.005849096582090187
30-day step,1214,P002,sequential,0,0.0
30-day step,1214,P002,sequential,1,-0.05061236142097385
30-day step,1214,P002,sequential,2,-0.38770419524960614
30-day step,1214,P002,sequential,3,-0.349276860044639
30-day step,1214,P002,sequential,4,-0.3291550985235265
30-day step,1214,P002,sequential,5,-0.34519441429344616
30-day step,1214,P002,sequential,6,0.1155399386874309
30-day step,1214,P002,sequential,7,-0.30135382000945055
30-day step,1214,P002,sequential,8,-0.3515388362507606
30-day step,1214,P002,sequential,9,-0.3239918260482374
30-day step,1215,P001,graph,0,-0.0405070796384983
30-day step,1215,P001,graph,1,-0.13651262493579816
30-day step,1215,P001,graph,2,-0.12568834230416154
30-day step,1215,P001,graph,3,-0.13038476529104426
30-day step,1215,P001,graph,4,-0.019066092660649958
30-day step,1215,P001,graph,5,0.0
30-day step,1215,P001,graph,6,0.14047284127208115
30-day step,1215,P001,graph,7,-0.14385990496429954
30-day step,1215,P001,graph,8,-0.10010853662556365
30-day step,1215,P001,graph,9,-0.09778045361620313
30-day step,1215,P001,sequential,0,0.0
30-day step,1215,P001,sequential,1,-0.09635245480050456
30-day step,1215,P001,sequential,2,-0.08335230270767247
30-day step,1215,P001,sequential,3,-0.09063717165991408
30-day step,1215,P001,sequential,4,0.018205129608150072
30-day step,1215,P001,sequential,5,0.03444303930105276
30-day step,1215,P001,sequential,6,0.17266173990961287
30-day step,1215,P001,sequential,7,-0.11050213564724132
30-day step,1215,P001,sequential,8,-0.06627783423827657
30-day step,1215,P001,sequential,9,-0.06356109593979445
30-day step,1215,P002,graph,0,0.01577353713531146
30-day step,1215,P002,graph,1,0.004768436546837148
30-day step,1215,P002,graph,2,0.0
30-day step,1215,P002,graph,3,0.020299306557779593
30-day step,1215,P002,graph,4,0.015364772612458217
30-day step,1215,P002,graph,5,0.030831196005336507
30-day step,1215,P002,graph,6,0.031051691662852574
30-day step,1215,P002,graph,7,-0.06378323261473705
30-day step,1215,P002,graph,8,-0.11036420443277917
30-day step,1215,P002,graph,9,-0.08274427904460634
30-day step,1215,P002,sequential,0,0.0
30-day step,1215,P002,sequential,1,-0.01274831926341742
30-day step,1215,P002,sequential,2,-0.0186735202198404
30-day step,1215,P002,sequential,3,0.00012497972179350766
30-day step,1215,P002,sequential,4,-0.004632880946387546
30-day step,1215,P002,sequential,5,0.010920592467706974
30-day step,1215,P002,sequential,6,0.010652492157632441
30-day step,1215,P002,sequential,7,-0.0838895423884502
30-day step,1215,P002,sequential,8,-0.13105184705083012
30-day step,1215,P002,sequential,9,-0.10432019829138464
30-day step,1216,P001,graph,0,0.07745467996603007
30-day step,1216,P001,graph,1,0.08893049566533426
30-day step,1216,P001,graph,2,-0.11405761482527357
30-day step,1216,P001,graph,3,-0.14991638212155392
30-day step,1216,P001,graph,4,-0.14483499831378258
30-day step,1216,P001,graph,5,-0.10759129339206504
30-day step,1216,P001,graph,6,-0.02241467239157665
30-day step,1216,P001,graph,7,0.0
30-day step,1216,P001,graph,8,0.009688474722170383
30-day step,1216,P001,graph,9,-0.0009124457730720423
30-day step,1216,P001,sequential,0,0.0
30-day step,1216,P001,sequential,1,0.010361890228985603
30-day step,1216,P001,sequential,2,-0.1935584990736142
30-day step,1216,P001,sequential,3,-0.22769562355916506
30-day step,1216,P001,sequential,4,-0.22390574329384363
30-day step,1216,P001,sequential,5,-0.19027667909932783
30-day step,1216,P001,sequential,6,-0.10775134444262932
30-day step,1216,P001,sequential,7,-0.08500151667040773
30-day step,1216,P001,sequential,8,-0.07418860975446624
30-day step,1216,P001,sequential,9,-0.08367399497587834
30-day step,1216,P002,graph,0,0.03618196836484649
30-day step,1216,P002,graph,1,0.01940544078756981
30-day step,1216,P002,graph,2,-0.20509082840143938
30-day step,1216,P002,graph,3,-0.13072398420309225
30-day step,1216,P002,graph,4,-0.2169986306960322
30-day step,1216,P002,graph,5,-0.21228580370606717
30-day step,1216,P002,graph,6,0.0
30-day step,1216,P002,graph,7,-0.0005444851248500197
30-day step,1216,P002,graph,8,-0.04471597751941723
30-day step,1216,P002,graph,9,0.010145377153523002
30-day step,1216,P002,sequential,0,0.0
30-day step,1216,P002,sequential,1,-0.01797465681908263
30-day step,1216,P002,sequential,2,-0.2428676048804704
30-day step,1216,P002,sequential,3,-0.16666145113281816
30-day step,1216,P002,sequential,4,-0.25242217712306814
30-day step,1216,P002,sequential,5,-0.24761964168291387
30-day step,1216,P002,sequential,6,-0.03581381737058348
30-day step,1216,P002,sequential,7,-0.035738945371333555
30-day step,1216,P002,sequential,8,-0.07800874617595394
30-day step,1216,P002,sequential,9,-0.02191857663297428
30-day step,1217,P001,graph,0,0.11670697379360738
30-day step,1217,P001,graph,1,0.12296143473001048
30-day step,1217,P001,graph,2,0.024635917814816735
30-day step,1217,P001,graph,3,0.02373258643817069
30-day step,1217,P001,graph,4,0.0
30-day step,1217,P001,graph,5,0.04627452301953447
30-day step,1217,P001,graph,6,0.2966974925057055
30-day step,1217,P001,graph,7,0.04631124211629249
30-day step,1217,P001,graph,8,-0.00873219782749221
30-day step,1217,P001,graph,9,0.02147076731419772
30-day step,1217,P001,sequential,0,0.0
30-day step,1217,P001,sequential,1,0.006081654233262956
30-day step,1217,P001,sequential,2,-0.09269119441916307
30-day step,1217,P001,sequential,3,-0.09311472493830367
30-day step,1217,P001,sequential,4,-0.11719451579345123
30-day step,1217,P001,sequential,5,-0.06926952667278413
30-day step,1217,P001,sequential,6,0.1816594709009111
30-day step,1217,P001,sequential,7,-0.06541132382049994
30-day step,1217,P001,sequential,8,-0.12321442617359074
30-day step,1217,P001,sequential,9,-0.096240206971767
30-day step,1217,P002,graph,0,0.10422824717983487
30-day step,1217,P002,graph,1,0.027879799903018376
30-day step,1217,P002,graph,2,-0.04139761764499989
30-day step,1217,P002,graph,3,-0.02765636094616254
30-day step,1217,P002,graph,4,-0.027548179150051425
30-day step,1217,P002,graph,5,0.0
30-day step,1217,P002,graph,6,0.16367732325760423
30-day step,1217,P002,graph,7,0.10969845448356594
30-day step,1217,P002,graph,8,0.15917203343605743
30-day step,1217,P002,graph,9,0.07907586462899482
30-day step,1217,P002,sequential,0,0.0
30-day step,1217,P002,sequential,1,-0.07215351222347716
30-day step,1217,P002,sequential,2,-0.14225174847275768
30-day step,1217,P002,sequential,3,-0.12722818963155533
30-day step,1217,P002,sequential,4,-0.1275525281086783
30-day step,1217,P002,sequential,5,-0.1010126139585501
30-day step,1217,P002,sequential,6,0.05995778417005729
30-day step,1217,P002,sequential,7,0.008915645365128615
30-day step,1217,P002,sequential,8,0.057270401872694714
30-day step,1217,P002,sequential,9,-0.022679385405263562
30-day step,1218,P001,graph,0,-0.24263815383519782
30-day step,1218,P001,graph,1,-0.25076912542006496
30-day step,1218,P001,graph,2,-0.2828226050531809
30-day step,1218,P001,graph,3,-0.32809268910151795
30-day step,1218,P001,graph,4,-0.3246943889525237
30-day step,1218,P001,graph,5,-0.3316838517491041
30-day step,1218,P001,graph,6,0.0
30-day step,1218,P001,graph,7,-0.3775988670342088
30-day step,1218,P001,graph,8,-0.4432316038907719
30-day step,1218,P001,graph,9,-0.3751601343767081
30-day step,1218,P001,sequential,0,0.0
30-day step,1218,P001,sequential,1,-0.006502754357645887
30-day step,1218,P001,sequential,2,-0.038613584621616716
30-day step,1218,P001,sequential,3,-0.08408362686268299
30-day step,1218,P001,sequential,4,-0.0789937694633601
30-day step,1218,P001,sequential,5,-0.08639300791438898
30-day step,1218,P001,sequential,6,0.24256210777745102
30-day step,1218,P001,sequential,7,-0.13593494735394035
30-day step,1218,P001,sequential,8,-0.20047514324012355
30-day step,1218,P001,sequential,9,-0.1329168471703437
30-day step,1218,P002,graph,0,0.09937177325977738
30-day step,1218,P002,graph,1,0.16822200009852123
30-day step,1218,P002,graph,2,0.07952715306097209
30-day step,1218,P002,graph,3,0.048936404291741155
30-day step,1218,P002,graph,4,0.08322157469190906
30-day step,1218,P002,graph,5,0.019564380059037965
30-day step,1218,P002,graph,6,0.4761305154343871
30-day step,1218,P002,graph,7,0.0
30-day step,1218,P002,graph,8,0.01755501330153708
30-day step,1218,P002,graph,9,0.0075837748868395945
30-day step,1218,P002,sequential,0,0.0
30-day step,1218,P002,sequential,1,0.06957273708790751
30-day step,1218,P002,sequential,2,-0.02122628222672747
30-day step,1218,P002,sequential,3,-0.048998946780594854
30-day step,1218,P002,sequential,4,-0.014421690635623069
30-day step,1218,P002,sequential,5,-0.07665150281983482
30-day step,1218,P002,sequential,6,0.38084534333866205
30-day step,1218,P002,sequential,7,-0.09454071815094295
30-day step,1218,P002,sequential,8,-0.07784993627111267
30-day step,1218,P002,sequential,9,-0.08713059616885552
30-day step,1219,P001,graph,0,0.0803139800351684
30-day step,1219,P001,graph,1,0.023048379456055097
30-day step,1219,P001,graph,2,0.05124449679559474
30-day step,1219,P001,graph,3,0.0
30-day step,1219,P001,graph,4,0.04440285772157263
30-day step,1219,P001,graph,5,0.01406955814498172
30-day step,1219,P001,graph,6,0.3286625991278672
30-day step,1219,P001,graph,7,0.21083021218973028
30-day step,1219,P001,graph,8,0.19203453923924546
30-day step,1219,P001,graph,9,0.10657549855765455
30-day step,1219,P001,sequential,0,0.0
30-day step,1219,P001,sequential,1,-0.05800651105541288
30-day step,1219,P001,sequential,2,-0.029136516362484075
30-day step,1219,P001,sequential,3,-0.08136382851503217
30-day step,1219,P001,sequential,4,-0.03506576597385612
30-day step,1219,P001,sequential,5,-0.06335066770278815
30-day step,1219,P001,sequential,6,0.25308655739334307
30-day step,1219,P001,sequential,7,0.13162462571015335
30-day step,1219,P001,sequential,8,0.11109067015622354
30-day step,1219,P001,sequential,9,0.024957036099925306
30-day step,1219,P002,graph,0,-0.00604755821015206
30-day step,1219,P002,graph,1,-0.060700380965801694
30-day step,1219,P002,graph,2,-0.023084155033484616
30-day step,1219,P002,graph,3,-0.02555072321411046
30-day step,1219,P002,graph,4,0.0
30-day step,1219,P002,graph,5,0.017620645031657806
30-day step,1219,P002,graph,6,0.26344250881416986
30-day step,1219,P002,graph,7,0.04285601716289888
30-day step,1219,P002,graph,8,0.00987845392434222
30-day step,1219,P002,graph,9,0.02618656139294758
30-day step,1219,P002,sequential,0,0.0
30-day step,1219,P002,sequential,1,-0.05411504033016027
30-day step,1219,P002,sequential,2,-0.01628787472603878
30-day step,1219,P002,sequential,3,-0.021222520685493167
30-day step,1219,P002,sequential,4,0.0049495384919794536
30-day step,1219,P002,sequential,5,0.023186358946355443
30-day step,1219,P002,sequential,6,0.26595009793914604
30-day step,1219,P002,sequential,7,0.042315932218849495
30-day step,1219,P002,sequential,8,0.006620110963565719
30-day step,1219,P002,sequential,9,0.020091751098035314
15-day step,1200,P001,graph,0,0.1150020438134806
15-day step,1200,P001,graph,1,0.145405557050319
15-day step,1200,P001,graph,2,0.1549317897571977
15-day step,1200,P001,graph,3,0.0017595749485621829
15-day step,1200,P001,graph,4,0.007811625932114751
15-day step,1200,P001,graph,5,0.029365314496029908
15-day step,1200,P001,graph,6,0.025806297146445337
15-day step,1200,P001,graph,7,-0.01379831112798117
15-day step,1200,P001,graph,8,0.021022648521144396
15-day step,1200,P001,graph,9,0.0
15-day step,1200,P001,graph,10,0.026972740548737086
15-day step,1200,P001,graph,11,0.35019703634025046
15-day step,1200,P001,graph,12,0.30581965964972946
15-day step,1200,P001,graph,13,0.14604830517737336
15-day step,1200,P001,graph,14,0.05080835472025127
15-day step,1200,P001,graph,15,0.13520736284524493
15-day step,1200,P001,graph,16,0.09156725508059227
15-day step,1200,P001,graph,17,0.06554406981501926
15-day step,1200,P001,sequential,0,0.0
15-day step,1200,P001,sequential,1,0.03337285483553233
15-day step,1200,P001,sequential,2,0.03892972097367396
15-day step,1200,P001,sequential,3,-0.11383713241925171
15-day step,1200,P001,sequential,4,-0.10987047393504583
15-day step,1200,P001,sequential,5,-0.08728727035437008
15-day step,1200,P001,sequential,6,-0.09025206280349997
15-day step,1200,P001,sequential,7,-0.13080709654551606
15-day step,1200,P001,sequential,8,-0.09526513356969679
15-day step,1200,P001,sequential,9,-0.11449913998127054
15-day step,1200,P001,sequential,10,-0.09028715731668023
15-day step,1200,P001,sequential,11,0.230906222638468
15-day step,1200,P001,sequential,12,0.18654924130694428
15-day step,1200,P001,sequential,13,0.025778244294212577
15-day step,1200,P001,sequential,14,-0.07050516292362184
15-day step,1200,P001,sequential,15,0.01382243739067432
15-day step,1200,P001,sequential,16,-0.03268218130713832
15-day step,1200,P001,sequential,17,-0.05938330482348516
15-day step,1200,P002,graph,0,0.1864817984677817
15-day step,1200,P002,graph,1,0.11482616224553274
15-day step,1200,P002,graph,2,0.1341800433517223
15-day step,1200,P002,graph,3,-0.013957878730620363
15-day step,1200,P002,graph,4,0.07075653464357382
15-day step,1200,P002,graph,5,0.03655214468672722
15-day step,1200,P002,graph,6,-0.0007587921658069602
15-day step,1200,P002,graph,7,0.030239534909846967
15-day step,1200,P002,graph,8,0.0
15-day step,1200,P002,graph,9,0.045287322772829645
15-day step,1200,P002,graph,10,0.028499278688430427
15-day step,1200,P002,graph,11,0.24909859538294207
15-day step,1200,P002,graph,12,0.26542018630291137
15-day step,1200,P002,graph,13,-0.01566335358399719
15-day step,1200,P002,graph,14,0.023574579152746026
15-day step,1200,P002,graph,15,0.018996912749316645
15-day step,1200,P002,graph,16,0.025979642854938183
15-day step,1200,P002,graph,17,0.07463977993302667
15-day step,1200,P002,sequential,0,0.0
15-day step,1200,P002,sequential,1,-0.07304566993200647
15-day step,1200,P002,sequential,2,-0.05343195900004132
15-day step,1200,P002,sequential,3,-0.20160964092732375
15-day step,1200,P002,sequential,4,-0.1180410268605346
15-day step,1200,P002,sequential,5,-0.15395925656442971
15-day step,1200,P002,sequential,6,-0.19257871682258018
15-day step,1200,P002,sequential,7,-0.16169045581474423
15-day step,1200,P002,sequential,8,-0.19070006460267366
15-day step,1200,P002,sequential,9,-0.14538010542967114
15-day step,1200,P002,sequential,10,-0.16030995065257175
15-day step,1200,P002,sequential,11,0.06236456633416068
15-day step,1200,P002,sequential,12,0.07984379877209381
15-day step,1200,P002,sequential,13,-0.2009846573682441
15-day step,1200,P002,sequential,14,-0.16097886832402494
15-day step,1200,P002,sequential,15,-0.16575390673828685
15-day step,1200,P002,sequential,16,-0.15869755503887395
15-day step,1200,P002,sequential,17,-0.11040185412529625
15-day step,1201,P001,graph,0,0.062129046665278215
15-day step,1201,P001,graph,1,0.09806842340917114
15-day step,1201,P001,graph,2,0.10024685027517106
15-day step,1201,P001,graph,3,0.03097091366279318
15-day step,1201,P001,graph,4,-0.008028168380487274
15-day step,1201,P001,graph,5,-0.023916749992232447
15-day step,1201,P001,graph,6,-0.0674590789006162
15-day step,1201,P001,graph,7,-0.009917187407137415
15-day step,1201,P001,graph,8,-0.03946382535851207
15-day step,1201,P001,graph,9,-0.0016729097428679503
15-day step,1201,P001,graph,10,0.0
15-day step,1201,P001,graph,11,0.38486776751242935
15-day step,1201,P001,graph,12,0.4010708632604249
15-day step,1201,P001,graph,13,0.1670978598684832
15-day step,1201,P001,graph,14,0.18152536180276366
15-day step,1201,P001,graph,15,0.20714381109274857
15-day step,1201,P001,graph,16,0.13780960197424322
15-day step,1201,P001,graph,17,0.2459714171825452
15-day step,1201,P001,sequential,0,0.0
15-day step,1201,P001,sequential,1,0.04195012960100943
15-day step,1201,P001,sequential,2,0.043571048582173776
15-day step,1201,P001,sequential,3,-0.025908314987402807
15-day step,1201,P001,sequential,4,-0.06419708437170503
15-day step,1201,P001,sequential,5,-0.08017380001033475
15-day step,1201,P001,sequential,6,-0.1269684510256846
15-day step,1201,P001,sequential,7,-0.06971843703649554
15-day step,1201,P001,sequential,8,-0.10261290962002789
15-day step,1201,P001,sequential,9,-0.06252168876410266
15-day step,1201,P001,sequential,10,-0.06015477767116564
15-day step,1201,P001,sequential,11,0.3260127501375093
15-day step,1201,P001,sequential,12,0.34098619399310903
15-day step,1201,P001,sequential,13,0.1079599373020973
15-day step,1201,P001,sequential,14,0.12253136688287217
15-day step,1201,P001,sequential,15,0.14892551581836694
15-day step,1201,P001,sequential,16,0.08073691514980469
15-day step,1201,P001,sequential,17,0.1881420583849912
15-day step,1201,P002,graph,0,0.11722073530376778
15-day step,1201,P002,graph,1,0.16011938637389533
15-day step,1201,P002,graph,2,0.193044525045966
15-day step,1201,P002,graph,3,0.06767410322849594
15-day step,1201,P002,graph,4,-0.006054391691475089
15-day step,1201,P002,graph,5,-0.0012709889146903684
15-day step,1201,P002,graph,6,-0.009623553255247623
15-day step,1201,P002,graph,7,0.0076730332717891096
15-day step,1201,P002,graph,8,0.0
15-day step,1201,P002,graph,9,0.023386742853550205
15-day step,1201,P002,graph,10,-0.004835225597115779
15-day step,1201,P002,graph,11,0.3944036281565208
15-day step,1201,P002,graph,12,0.4122990154741947
15-day step,1201,P002,graph,13,0.17534217609056255
15-day step,1201,P002,graph,14,0.19417714066851646
15-day step,1201,P002,graph,15,0.1784926865465836
15-day step,1201,P002,graph,16,0.1517710216041447
15-day step,1201,P002,graph,17,0.10289002080773715
15-day step,1201,P002,sequential,0,0.0
15-day step,1201,P002,sequential,1,0.04470373998138082
15-day step,1201,P002,sequential,2,0.07727184885708277
15-day step,1201,P002,sequential,3,-0.04711495709040303
15-day step,1201,P002,sequential,4,-0.12025292057825328
15-day step,1201,P002,sequential,5,-0.11686743949885249
15-day step,1201,P002,sequential,6,-0.1253802567174777
15-day step,1201,P002,sequential,7,-0.11023865523736051
15-day step,1201,P002,sequential,8,-0.11695182693899797
15-day step,1201,P002,sequential,9,-0.09442590282934149
15-day step,1201,P002,sequential,10,-0.1233042288995494
15-day step,1201,P002,sequential,11,0.27560779838765376
15-day step,1201,P002,sequential,12,0.29205430696307727
15-day step,1201,P002,sequential,13,0.05517608126189277
15-day step,1201,P002,sequential,14,0.07312370406020076
15-day step,1201,P002,sequential,15,0.060496656995591425
15-day step,1201,P002,sequential,16,0.03160088996724768
15-day step,1201,P002,sequential,17,-0.01653456007927226
15-day step,1202,P001,graph,0,0.1323911953503893
15-day step,1202,P001,graph,1,0.08559487775462078
15-day step,1202,P001,graph,2,0.08337276214355524
15-day step,1202,P001,graph,3,0.003683755803736523
15-day step,1202,P001,graph,4,0.011343296295365828
15-day step,1202,P001,graph,5,0.016507401871758188
15-day step,1202,P001,graph,6,0.07075723411926912
15-day step,1202,P001,graph,7,0.05293469058240677
15-day step,1202,P001,graph,8,0.0
15-day step,1202,P001,graph,9,0.01399124205287376
15-day step,1202,P001,graph,10,0.032465195578721844
15-day step,1202,P001,graph,11,0.2872729693826868
15-day step,1202,P001,graph,12,0.33313663264989
15-day step,1202,P001,graph,13,0.1644090155705116
15-day step,1202,P001,graph,14,0.16727138486558965
15-day step,1202,P001,graph,15,0.12394542132996836
15-day step,1202,P001,graph,16,0.1123327241602539
15-day step,1202,P001,graph,17,0.15741662785429023
15-day step,1202,P001,sequential,0,0.0
15-day step,1202,P001,sequential,1,-0.04609381629376085
15-day step,1202,P001,sequential,2,-0.050781574857966534
15-day step,1202,P001,sequential,3,-0.13002135555467687
15-day step,1202,P001,sequential,4,-0.12055107617867085
15-day step,1202,P001,sequential,5,-0.1128028575758353
15-day step,1202,P001,sequential,6,-0.059006023271009476
15-day step,1202,P001,sequential,7,-0.07784968881160663
15-day step,1202,P001,sequential,8,-0.1326274738910183
15-day step,1202,P001,sequential,9,-0.11890352447631303
15-day step,1202,P001,sequential,10,-0.10289689734792054
15-day step,1202,P001,sequential,11,0.15271592736987114
15-day step,1202,P001,sequential,12,0.1991912885304546
15-day step,1202,P001,sequential,13,0.03303406964017255
15-day step,1202,P001,sequential,14,0.033989680049004316
15-day step,1202,P001,sequential,15,-0.009991722012605543
15-day step,1202,P001,sequential,16,-0.02180503007250792
15-day step,1202,P001,sequential,17,0.025237991880576106
15-day step,1202,P002,graph,0,0.16564062901820767
15-day step,1202,P002,graph,1,0.15957311557235015
15-day step,1202,P002,graph,2,0.1549674881746246
15-day step,1202,P002,graph,3,-0.016822684749617133
15-day step,1202,P002,graph,4,-0.01810121226719693
15-day step,1202,P002,graph,5,-0.04042257200432425
15-day step,1202,P002,graph,6,0.0
15-day step,1202,P002,graph,7,0.0005041574406862872
15-day step,1202,P002,graph,8,-0.032044364317061425
15-day step,1202,P002,graph,9,-0.0007031158366606929
15-day step,1202,P002,graph,10,-0.062668801810142
15-day step,1202,P002,graph,11,0.25577564189576363
15-day step,1202,P002,graph,12,0.29536741528604404
15-day step,1202,P002,graph,13,0.13757141459507985
15-day step,1202,P002,graph,14,0.12033470540345803
15-day step,1202,P002,graph,15,0.20012559558364423
15-day step,1202,P002,graph,16,0.16658904206864322
15-day step,1202,P002,graph,17,0.13870002211104182
15-day step,1202,P002,sequential,0,0.0
15-day step,1202,P002,sequential,1,-0.006259310450488224
15-day step,1202,P002,sequential,2,-0.010835908691014745
15-day step,1202,P002,sequential,3,-0.17987756682423164
15-day step,1202,P002,sequential,4,-0.1858451318667716
15-day step,1202,P002,sequential,5,-0.20762805087511807
15-day step,1202,P002,sequential,6,-0.16744099413578412
15-day step,1202,P002,sequential,7,-0.16645451397273855
15-day step,1202,P002,sequential,8,-0.19867010114814904
15-day step,1202,P002,sequential,9,-0.16464119362474364
15-day step,1202,P002,sequential,10,-0.22649717717150689
15-day step,1202,P002,sequential,11,0.0955364451228449
15-day step,1202,P002,sequential,12,0.13685049410211964
15-day step,1202,P002,sequential,13,-0.01887631125519293
15-day step,1202,P002,sequential,14,-0.03731199216521332
15-day step,1202,P002,sequential,15,0.03977191708464406
15-day step,1202,P002,sequential,16,0.010197579752240154
15-day step,1202,P002,sequential,17,-0.02040019073062614
15-day step,1203,P001,graph,0,0.3186447972173624
15-day step,1203,P001,graph,1,0.3206508266140998
15-day step,1203,P001,graph,2,0.31599576319446715
15-day step,1203,P001,graph,3,0.03533792474738475
15-day step,1203,P001,graph,4,0.012801954688564857
15-day step,1203,P001,graph,5,0.0
15-day step,1203,P001,graph,6,0.016729527714966008
15-day step,1203,P001,graph,7,-0.011144211766093998
15-day step,1203,P001,graph,8,0.019480860646760127
15-day step,1203,P001,graph,9,-0.02699726732189876
15-day step,1203,P001,graph,10,0.010517295347837869
15-day step,1203,P001,graph,11,0.4100220847424177
15-day step,1203,P001,graph,12,0.36519252531555907
15-day step,1203,P001,graph,13,0.28970388645465955
15-day step,1203,P001,graph,14,0.24543795198004806
15-day step,1203,P001,graph,15,0.28409067104320535
15-day step,1203,P001,graph,16,0.3220379354837174
15-day step,1203,P001,graph,17,0.22768892209608804
15-day step,1203,P001,sequential,0,0.0
15-day step,1203,P001,sequential,1,-3.499855031485812e-05
15-day step,1203,P001,sequential,2,-0.006206628079483241
15-day step,1203,P001,sequential,3,-0.2870519170654374
15-day step,1203,P001,sequential,4,-0.3097617757722169
15-day step,1203,P001,sequential,5,-0.3228226389345055
15-day step,1203,P001,sequential,6,-0.30667373239133083
15-day step,1203,P001,sequential,7,-0.3340079167734027
15-day step,1203,P001,sequential,8,-0.30309925962604906
15-day step,1203,P001,sequential,9,-0.3500854544698267
15-day step,1203,P001,sequential,10,-0.3112475686225875
15-day step,1203,P001,sequential,11,0.08708258661091323
15-day step,1203,P001,sequential,12,0.039792604259266576
15-day step,1203,P001,sequential,13,-0.033973577765304366
15-day step,1203,P001,sequential,14,-0.07852253347404196
15-day step,1203,P001,sequential,15,-0.04062386328151954
15-day step,1203,P001,sequential,16,-0.0027100030954924706
15-day step,1203,P001,sequential,17,-0.09823915948030587
15-day step,1203,P002,graph,0,0.2986527765712085
15-day step,1203,P002,graph,1,0.29686452241679
15-day step,1203,P002,graph,2,0.28271878183623983
15-day step,1203,P002,graph,3,-0.02084698634189356
15-day step,1203,P002,graph,4,-0.10441302549980484
15-day step,1203,P002,graph,5,-0.07250320683017515
15-day step,1203,P002,graph,6,-0.07284117678689961
15-day step,1203,P002,graph,7,-0.03477561530961434
15-day step,1203,P002,graph,8,-0.006475668245621029
15-day step,1203,P002,graph,9,0.0
15-day step,1203,P002,graph,10,-0.03621068296438851
15-day step,1203,P002,graph,11,0.3832273544522705
15-day step,1203,P002,graph,12,0.32333596603570464
15-day step,1203,P002,graph,13,0.20045862121769115
15-day step,1203,P002,graph,14,0.1720610825281972
15-day step,1203,P002,graph,15,0.18034842479588223
15-day step,1203,P002,graph,16,0.1784211832647864
15-day step,1203,P002,graph,17,0.16030797544381828
15-day step,1203,P002,sequential,0,0.0
15-day step,1203,P002,sequential,1,-0.0036792312541260165
15-day step,1203,P002,sequential,2,-0.012920957305013532
15-day step,1203,P002,sequential,3,-0.3200486607692245
15-day step,1203,P002,sequential,4,-0.40130093807176315
15-day step,1203,P002,sequential,5,-0.36875324804057696
15-day step,1203,P002,sequential,6,-0.3686298481729615
15-day step,1203,P002,sequential,7,-0.3301095806866042
15-day step,1203,P002,sequential,8,-0.300057543349313
15-day step,1203,P002,sequential,9,-0.29134878854968277
15-day step,1203,P002,sequential,10,-0.3288073589100838
15-day step,1203,P002,sequential,11,0.09017288621460218
15-day step,1203,P002,sequential,12,0.0333919281523427
15-day step,1203,P002,sequential,13,-0.08933426563643224
15-day step,1203,P002,sequential,14,-0.11516094342774141
15-day step,1203,P002,sequential,15,-0.10501363044624863
15-day step,1203,P002,sequential,16,-0.10492470622563757
15-day step,1203,P002,sequential,17,-0.12097533834235094
15-day step,1204,P001,graph,0,0.09829450256625887
15-day step,1204,P001,graph,1,0.07908015112987647
15-day step,1204,P001,graph,2,0.10736145542738325
15-day step,1204,P001,graph,3,-0.00958279550539492
15-day step,1204,P001,graph,4,-0.0017217813876847343
15-day step,1204,P001,graph,5,0.019417447882859717
15-day step,1204,P001,graph,6,0.0
15-day step,1204,P001,graph,7,0.018784082392626272
15-day step,1204,P001,graph,8,0.034145249221604314
15-day step,1204,P001,graph,9,-0.006938420974460782
15-day step,1204,P001,graph,10,-0.007370121553648645
15-day step,1204,P001,graph,11,0.1588368545308987
15-day step,1204,P001,graph,12,0.17867141954672916
15-day step,1204,P001,graph,13,0.024775784321343405
15-day step,1204,P001,graph,14,0.0705746160651269
15-day step,1204,P001,graph,15,0.03963326952255314
15-day step,1204,P001,graph,16,0.05441722985531273
15-day step,1204,P001,graph,17,0.0018773973387476487
15-day step,1204,P001,sequential,0,0.0
15-day step,1204,P001,sequential,1,-0.020551795496371237
15-day step,1204,P001,sequential,2,0.010194009460897862
15-day step,1204,P001,sequential,3,-0.10789527102500643
15-day step,1204,P001,sequential,4,-0.1001058034810184
15-day step,1204,P001,sequential,5,-0.08039278487661268
15-day step,1204,P001,sequential,6,-0.10071638608028553
15-day step,1204,P001,sequential,7,-0.08281355553788448
15-day step,1204,P001,sequential,8,-0.06908100681416354
15-day step,1204,P001,sequential,9,-0.1124227261706908
15-day step,1204,P001,sequential,10,-0.1126683833483436
15-day step,1204,P001,sequential,11,0.05308050997762832
15-day step,1204,P001,sequential,12,0.07217403812045453
15-day step,1204,P001,sequential,13,-0.08116592745131818
15-day step,1204,P001,sequential,14,-0.034911898760387965
15-day step,1204,P001,sequential,15,-0.06316656381046858
15-day step,1204,P001,sequential,16,-0.051408338631041335
15-day step,1204,P001,sequential,17,-0.1062990537251253
15-day step,1204,P002,graph,0,0.14886665284407996
15-day step,1204,P002,graph,1,0.12194539708309415
15-day step,1204,P002,graph,2,0.18021054343954604
15-day step,1204,P002,graph,3,0.050588731376141824
15-day step,1204,P002,graph,4,0.06060494300274294
15-day step,1204,P002,graph,5,-0.012971041962197437
15-day step,1204,P002,graph,6,0.004125160423737756
15-day step,1204,P002,graph,7,-0.016713672948906768
15-day step,1204,P002,graph,8,0.0
15-day step,1204,P002,graph,9,7.329091629618205e-05
15-day step,1204,P002,graph,10,0.01171368551912594
15-day step,1204,P002,graph,11,0.26833467550005985
15-day step,1204,P002,graph,12,0.2329901792941077
15-day step,1204,P002,graph,13,-0.02405892093242146
15-day step,1204,P002,graph,14,0.0035656374036297767
15-day step,1204,P002,graph,15,-0.03277114200358454
15-day step,1204,P002,graph,16,0.05058795353309287
15-day step,1204,P002,graph,17,-0.07440998799981263
15-day step,1204,P002,sequential,0,0.0
15-day step,1204,P002,sequential,1,-0.02994363316230104
15-day step,1204,P002,sequential,2,0.0289711322643196
15-day step,1204,P002,sequential,3,-0.09659493138619751
15-day step,1204,P002,sequential,4,-0.08945927694554769
15-day step,1204,P002,sequential,5,-0.16228379615288052
15-day step,1204,P002,sequential,6,-0.1451295993856016
15-day step,1204,P002,sequential,7,-0.16705093943694624
15-day step,1204,P002,sequential,8,-0.1491079450872183
15-day step,1204,P002,sequential,9,-0.15117835221737547
15-day step,1204,P002,sequential,10,-0.13856316587566106
15-day step,1204,P002,sequential,11,0.11886848546890896
15-day step,1204,P002,sequential,12,0.08640842982949938
15-day step,1204,P002,sequential,13,-0.17157947864553047
15-day step,1204,P002,sequential,14,-0.14393546641346325
15-day step,1204,P002,sequential,15,-0.1825409154559134
15-day step,1204,P002,sequential,16,-0.09823516310765297
15-day step,1204,P002,sequential,17,-0.22484907789609848
15-day step,1205,P001,graph,0,0.19112501750040883
15-day step,1205,P001,graph,1,0.14832480402346113
15-day step,1205,P001,graph,2,0.16713134711114272
15-day step,1205,P001,graph,3,0.050836419373870456
15-day step,1205,P001,graph,4,0.049642102734215876
15-day step,1205,P001,graph,5,0.014540604080570283
15-day step,1205,P001,graph,6,0.0
15-day step,1205,P001,graph,7,-0.026912269002418426
15-day step,1205,P001,graph,8,0.10581414901671955
15-day step,1205,P001,graph,9,-0.016630883099031584
15-day step,1205,P001,graph,10,-0.02399255656455506
15-day step,1205,P001,graph,11,0.022759117560743992
15-day step,1205,P001,graph,12,-0.014173156172114442
15-day step,1205,P001,graph,13,-0.1391563592775934
15-day step,1205,P001,graph,14,-0.12163684180402454
15-day step,1205,P001,graph,15,-0.13461803709740014
15-day step,1205,P001,graph,16,-0.10795206621400495
15-day step,1205,P001,graph,17,-0.11254112797112423
15-day step,1205,P001,sequential,0,0.0
15-day step,1205,P001,sequential,1,-0.05027960044071272
15-day step,1205,P001,sequential,2,-0.02879579888308951
15-day step,1205,P001,sequential,3,-0.14629175359486493
15-day step,1205,P001,sequential,4,-0.1461286679133177
15-day step,1205,P001,sequential,5,-0.18233294060251476
15-day step,1205,P001,sequential,6,-0.19712449098881038
15-day step,1205,P001,sequential,7,-0.22020766836056999
15-day step,1205,P001,sequential,8,-0.08472150155059452
15-day step,1205,P001,sequential,9,-0.207937952969105
15-day step,1205,P001,sequential,10,-0.214821767021804
15-day step,1205,P001,sequential,11,-0.1678115361395144
15-day step,1205,P001,sequential,12,-0.20600729614805235
15-day step,1205,P001,sequential,13,-0.32966977673610176
15-day step,1205,P001,sequential,14,-0.3115060224512736
15-day step,1205,P001,sequential,15,-0.3205055364930024
15-day step,1205,P001,sequential,16,-0.29161710229273663
15-day step,1205,P001,sequential,17,-0.29814424523377814
15-day step,1205,P002,graph,0,0.2661117998366055
15-day step,1205,P002,graph,1,0.2139314352678356
15-day step,1205,P002,graph,2,0.23999644679554433
15-day step,1205,P002,graph,3,-0.055761185273765314
15-day step,1205,P002,graph,4,0.0018265563193736677
15-day step,1205,P002,graph,5,0.0
15-day step,1205,P002,graph,6,-0.018845320964346372
15-day step,1205,P002,graph,7,-0.0015400260998405418
15-day step,1205,P002,graph,8,0.008395954543640765
15-day step,1205,P002,graph,9,0.025167318974221246
15-day step,1205,P002,graph,10,-0.02525473628706547
15-day step,1205,P002,graph,11,0.1240061985575693
15-day step,1205,P002,graph,12,0.18259896300455958
15-day step,1205,P002,graph,13,-0.04463361412183539
15-day step,1205,P002,graph,14,-0.021489665527593262
15-day step,1205,P002,graph,15,-0.029657071054875455
15-day step,1205,P002,graph,16,0.019286413980208576
15-day step,1205,P002,graph,17,-0.015132508759058291
15-day step,1205,P002,sequential,0,0.0
15-day step,1205,P002,sequential,1,-0.05469796020438992
15-day step,1205,P002,sequential,2,-0.02661023782509028
15-day step,1205,P002,sequential,3,-0.3240812565823053
15-day step,1205,P002,sequential,4,-0.26763563049194805
15-day step,1205,P002,sequential,5,-0.2714468011492377
15-day step,1205,P002,sequential,6,-0.29114753614491184
15-day step,1205,P002,sequential,7,-0.2763089457262901
15-day step,1205,P002,sequential,8,-0.2632276876919104
15-day step,1205,P002,sequential,9,-0.2481650356991712
15-day step,1205,P002,sequential,10,-0.29688933899238
15-day step,1205,P002,sequential,11,-0.1456082290722973
15-day step,1205,P002,sequential,12,-0.08778764362953351
15-day step,1205,P002,sequential,13,-0.31425410328708886
15-day step,1205,P002,sequential,14,-0.2915283905168314
15-day step,1205,P002,sequential,15,-0.30019908635635506
15-day step,1205,P002,sequential,16,-0.25043795440780064
15-day step,1205,P002,sequential,17,-0.2817680504416056
15-day step,1206,P001,graph,0,-0.08240979077005757
15-day step,1206,P001,graph,1,-0.07718299384752215
15-day step,1206,P001,graph,2,-0.07284103859232566
15-day step,1206,P001,graph,3,-0.043168508760915686
15-day step,1206,P001,graph,4,-0.11123308659617315
15-day step,1206,P001,graph,5,-0.15076512402594827
15-day step,1206,P001,graph,6,-0.12663564168209726
15-day step,1206,P001,graph,7,-0.13596467380319785
15-day step,1206,P001,graph,8,0.01527999452682479
15-day step,1206,P001,graph,9,0.021496010023601256
15-day step,1206,P001,graph,10,-0.010362681401318108
15-day step,1206,P001,graph,11,0.0
15-day step,1206,P001,graph,12,0.018339673075457603
15-day step,1206,P001,graph,13,-0.1232559161087546
15-day step,1206,P001,graph,14,-0.06544975999486959
15-day step,1206,P001,graph,15,-0.08109085284174533
15-day step,1206,P001,graph,16,-0.048505001795468954
15-day step,1206,P001,graph,17,-0.14466694964615653
15-day step,1206,P001,sequential,0,0.0
15-day step,1206,P001,sequential,1,0.007659840687195975
15-day step,1206,P001,sequential,2,0.014724351325568843
15-day step,1206,P001,sequential,3,0.04101830941519426
15-day step,1206,P001,sequential,4,-0.024986507590695484
15-day step,1206,P001,sequential,5,-0.06507747187685145
15-day step,1206,P001,sequential,6,-0.044196397130409
15-day step,1206,P001,sequential,7,-0.053358728067587555
15-day step,1206,P001,sequential,8,0.098389494089247
15-day step,1206,P001,sequential,9,0.10318482776742112
15-day step,1206,P001,sequential,10,0.07039659589300323
15-day step,1206,P001,sequential,11,0.08123234941738111
15-day step,1206,P001,sequential,12,0.10239490899156156
15-day step,1206,P001,sequential,13,-0.03848789762676544
15-day step,1206,P001,sequential,14,0.017405212782428993
15-day step,1206,P001,sequential,15,0.0024438541197565437
15-day step,1206,P001,sequential,16,0.03365914928396467
15-day step,1206,P001,sequential,17,-0.06178463401998811
15-day step,1206,P002,graph,0,0.00641200874500941
15-day step,1206,P002,graph,1,-0.04189619529794295
15-day step,1206,P002,graph,2,-0.03450875695871614
15-day step,1206,P002,graph,3,-0.035218921467980585
15-day step,1206,P002,graph,4,-0.018985520076985948
15-day step,1206,P002,graph,5,-0.03742079948469661
15-day step,1206,P002,graph,6,-0.015781576149337718
15-day step,1206,P002,graph,7,-0.025579931487297716
15-day step,1206,P002,graph,8,0.009137356246618997
15-day step,1206,P002,graph,9,0.0
15-day step,1206,P002,graph,10,0.05349557562195003
15-day step,1206,P002,graph,11,0.10628638071372787
15-day step,1206,P002,graph,12,0.04534342692443427
15-day step,1206,P002,graph,13,-0.0691670904465035
15-day step,1206,P002,graph,14,-0.06850609032677507
15-day step,1206,P002,graph,15,-0.0006873153389490537
15-day step,1206,P002,graph,16,-0.014638808196451683
15-day step,1206,P002,graph,17,-0.016752434037000774
15-day step,1206,P002,sequential,0,0.0
15-day step,1206,P002,sequential,1,-0.05255925566005261
15-day step,1206,P002,sequential,2,-0.04475384885535512
15-day step,1206,P002,sequential,3,-0.04492890664621834
15-day step,1206,P002,sequential,4,-0.027660787907800348
15-day step,1206,P002,sequential,5,-0.043637749329169855
15-day step,1206,P002,sequential,6,-0.024081775473094
15-day step,1206,P002,sequential,7,-0.03437954507793875
15-day step,1206,P002,sequential,8,-0.0014268899469077057
15-day step,1206,P002,sequential,9,-0.01070967262252867
15-day step,1206,P002,sequential,10,0.043722879081895705
15-day step,1206,P002,sequential,11,0.09534430972963288
15-day step,1206,P002,sequential,12,0.032525491492274725
15-day step,1206,P002,sequential,13,-0.08401109291889883
15-day step,1206,P002,sequential,14,-0.0853864276731886
15-day step,1206,P002,sequential,15,-0.01993722822687763
15-day step,1206,P002,sequential,16,-0.03167018934387243
15-day step,1206,P002,sequential,17,-0.03381172508017419
15-day step,1207,P001,graph,0,0.23576468410525322
15-day step,1207,P001,graph,1,0.28368153760304443
15-day step,1207,P001,graph,2,0.2838616535937096
15-day step,1207,P001,graph,3,-0.041841678139218096
15-day step,1207,P001,graph,4,-0.0030100115958928315
15-day step,1207,P001,graph,5,0.0
15-day step,1207,P001,graph,6,-0.020288216689317642
15-day step,1207,P001,graph,7,-0.030797987912112086
15-day step,1207,P001,graph,8,-0.0633759566122202
15-day step,1207,P001,graph,9,-0.03241513595126473
15-day step,1207,P001,graph,10,0.008480770165653415
15-day step,1207,P001,graph,11,0.15631608584568216
15-day step,1207,P001,graph,12,0.1837323564957142
15-day step,1207,P001,graph,13,0.23282818398121688
15-day step,1207,P001,graph,14,0.20339902022647804
15-day step,1207,P001,graph,15,0.21472523786645473
15-day step,1207,P001,graph,16,0.15759217596189087
15-day step,1207,P001,graph,17,0.19543576700514356
15-day step,1207,P001,sequential,0,0.0
15-day step,1207,P001,sequential,1,0.047426548422251115
15-day step,1207,P001,sequential,2,0.04875730640084
15-day step,1207,P001,sequential,3,-0.2799811764710055
15-day step,1207,P001,sequential,4,-0.23953023138339274
15-day step,1207,P001,sequential,5,-0.2333902008997632
15-day step,1207,P001,sequential,6,-0.25211014427366135
15-day step,1207,P001,sequential,7,-0.2637899623717907
15-day step,1207,P001,sequential,8,-0.29708306822312247
15-day step,1207,P001,sequential,9,-0.26619672150644996
15-day step,1207,P001,sequential,10,-0.22554169105804633
15-day step,1207,P001,sequential,11,-0.07810196909108796
15-day step,1207,P001,sequential,12,-0.05011606849622319
15-day step,1207,P001,sequential,13,-0.000461808643886244
15-day step,1207,P001,sequential,14,-0.030761801519329942
15-day step,1207,P001,sequential,15,-0.01360932108967874
15-day step,1207,P001,sequential,16,-0.07230734504684817
15-day step,1207,P001,sequential,17,-0.032419871760714015
15-day step,1207,P002,graph,0,0.3543493462140954
15-day step,1207,P002,graph,1,0.29010408643686453
15-day step,1207,P002,graph,2,0.33828009387794983
15-day step,1207,P002,graph,3,-0.030289170013188326
15-day step,1207,P002,graph,4,-0.038477376762279226
15-day step,1207,P002,graph,5,-0.03855625446705232
15-day step,1207,P002,graph,6,-0.06492694306811862
15-day step,1207,P002,graph,7,-0.007553314956413622
15-day step,1207,P002,graph,8,-0.026774746277875343
15-day step,1207,P002,graph,9,0.0
15-day step,1207,P002,graph,10,0.013495420525905369
15-day step,1207,P002,graph,11,0.20689938237794914
15-day step,1207,P002,graph,12,0.2210107661118367
15-day step,1207,P002,graph,13,0.21599596745581529
15-day step,1207,P002,graph,14,0.21014293695911604
15-day step,1207,P002,graph,15,0.20003682748710389
15-day step,1207,P002,graph,16,0.2791585616588924
15-day step,1207,P002,graph,17,0.2618600774118695
15-day step,1207,P002,sequential,0,0.0
15-day step,1207,P002,sequential,1,-0.06539928264001177
15-day step,1207,P002,sequential,2,-0.01615472018856002
15-day step,1207,P002,sequential,3,-0.3835338335525558
15-day step,1207,P002,sequential,4,-0.3939361416040072
15-day step,1207,P002,sequential,5,-0.39566289531146
15-day step,1207,P002,sequential,6,-0.4179340839658388
15-day step,1207,P002,sequential,7,-0.35955138472913845
15-day step,1207,P002,sequential,8,-0.38165554709500665
15-day step,1207,P002,sequential,9,-0.3560659027807157
15-day step,1207,P002,sequential,10,-0.34167165272063466
15-day step,1207,P002,sequential,11,-0.1450824732332235
15-day step,1207,P002,sequential,12,-0.13394754616469817
15-day step,1207,P002,sequential,13,-0.13693243398292498
15-day step,1207,P002,sequential,14,-0.1444550502477733
15-day step,1207,P002,sequential,15,-0.1552894715961027
15-day step,1207,P002,sequential,16,-0.07630809503557903
15-day step,1207,P002,sequential,17,-0.09599045017456587
15-day step,1208,P001,graph,0,0.08580898039290188
15-day step,1208,P001,graph,1,0.04758508269292618
15-day step,1208,P001,graph,2,0.10537132158969088
15-day step,1208,P001,graph,3,-0.010622687551293674
15-day step,1208,P001,graph,4,-0.0733943476238187
15-day step,1208,P001,graph,5,0.011208776923451756
15-day step,1208,P001,graph,6,-0.04587934002338441
15-day step,1208,P001,graph,7,0.022544864405226198
15-day step,1208,P001,graph,8,-0.07970936891528686
15-day step,1208,P001,graph,9,-0.002826695239129001
15-day step,1208,P001,graph,10,0.0
15-day step,1208,P001,graph,11,0.261589150647242
15-day step,1208,P001,graph,12,0.21470479924584848
15-day step,1208,P001,graph,13,-0.14088116467629977
15-day step,1208,P001,graph,14,-0.04950499391596288
15-day step,1208,P001,graph,15,-0.051802713253960846
15-day step,1208,P001,graph,16,-0.08442828818834686
15-day step,1208,P001,graph,17,-0.056282312835801186
15-day step,1208,P001,sequential,0,0.0
15-day step,1208,P001,sequential,1,-0.04017234784436665
15-day step,1208,P001,sequential,2,0.014878567949233347
15-day step,1208,P001,sequential,3,-0.10022374655735858
15-day step,1208,P001,sequential,4,-0.16483365185662324
15-day step,1208,P001,sequential,5,-0.08074408237951398
15-day step,1208,P001,sequential,6,-0.13916014507728544
15-day step,1208,P001,sequential,7,-0.06976850390319432
15-day step,1208,P001,sequential,8,-0.17014714713126766
15-day step,1208,P001,sequential,9,-0.09384739247403492
15-day step,1208,P001,sequential,10,-0.09015053405594546
15-day step,1208,P001,sequential,11,0.17060463735290937
15-day step,1208,P001,sequential,12,0.12457813519142705
15-day step,1208,P001,sequential,13,-0.23386470815279478
15-day step,1208,P001,sequential,14,-0.14562799658046344
15-day step,1208,P001,sequential,15,-0.15017104007251691
15-day step,1208,P001,sequential,16,-0.18322762788528113
15-day step,1208,P001,sequential,17,-0.15276644378476653
15-day step,1208,P002,graph,0,0.12287510438618622
15-day step,1208,P002,graph,1,0.1462365499773292
15-day step,1208,P002,graph,2,0.14625914882634636
15-day step,1208,P002,graph,3,-0.028375153203602378
15-day step,1208,P002,graph,4,-0.04063117964783575
15-day step,1208,P002,graph,5,-0.011069142706009767
15-day step,1208,P002,graph,6,-0.014346650552817001
15-day step,1208,P002,graph,7,0.0
15-day step,1208,P002,graph,8,-0.007298111367744152
15-day step,1208,P002,graph,9,0.05657810104087861
15-day step,1208,P002,graph,10,0.05214789582192998
15-day step,1208,P002,graph,11,0.3031968966897511
15-day step,1208,P002,graph,12,0.24344298458923833
15-day step,1208,P002,graph,13,0.07127921186031289
15-day step,1208,P002,graph,14,0.07790928591789846
15-day step,1208,P002,graph,15,0.04773469214480297
15-day step,1208,P002,graph,16,0.04930727939572202
15-day step,1208,P002,graph,17,0.019602516463084193
15-day step,1208,P002,sequential,0,0.0
15-day step,1208,P002,sequential,1,0.02582516684905631
15-day step,1208,P002,sequential,2,0.026836288195754777
15-day step,1208,P002,sequential,3,-0.14489404314288182
15-day step,1208,P002,sequential,4,-0.15785097260443556
15-day step,1208,P002,sequential,5,-0.1298138577118796
15-day step,1208,P002,sequential,6,-0.13535202845163988
15-day step,1208,P002,sequential,7,-0.11858319083672508
15-day step,1208,P002,sequential,8,-0.1259793309859986
15-day step,1208,P002,sequential,9,-0.06221496665767215
15-day step,1208,P002,sequential,10,-0.06652886950616904
15-day step,1208,P002,sequential,11,0.18464813714770195
15-day step,1208,P002,sequential,12,0.1259193986452528
15-day step,1208,P002,sequential,13,-0.04929643575463599
15-day step,1208,P002,sequential,14,-0.04624827013814501
15-day step,1208,P002,sequential,15,-0.07201532118518966
15-day step,1208,P002,sequential,16,-0.07062459391868571
15-day step,1208,P002,sequential,17,-0.0999365025982884
15-day step,1209,P001,graph,0,0.14769726999420948
15-day step,1209,P001,graph,1,0.17240327837719138
15-day step,1209,P001,graph,2,0.21198450178793096
15-day step,1209,P001,graph,3,-0.021455676931981443
15-day step,1209,P001,graph,4,-0.018611601401831192
15-day step,1209,P001,graph,5,-0.010904504634241688
15-day step,1209,P001,graph,6,0.011190222732069018
15-day step,1209,P001,graph,7,0.01014527303550573
15-day step,1209,P001,graph,8,0.005683687116314095
15-day step,1209,P001,graph,9,-0.0794467586755936
15-day step,1209,P001,graph,10,0.0
15-day step,1209,P001,graph,11,0.23284671803896825
15-day step,1209,P001,graph,12,0.22250216468959128
15-day step,1209,P001,graph,13,0.1460168707462736
15-day step,1209,P001,graph,14,0.14070611403281
15-day step,1209,P001,graph,15,0.12194432601610637
15-day step,1209,P001,graph,16,0.10064298581328694
15-day step,1209,P001,graph,17,0.17538368561992662
15-day step,1209,P001,sequential,0,0.0
15-day step,1209,P001,sequential,1,0.025054996668461685
15-day step,1209,P001,sequential,2,0.06614089503138049
15-day step,1209,P001,sequential,3,-0.1684542763239194
15-day step,1209,P001,sequential,4,-0.1653709083163413
15-day step,1209,P001,sequential,5,-0.1620469025592307
15-day step,1209,P001,sequential,6,-0.13963443789657964
15-day step,1209,P001,sequential,7,-0.14300232014233547
15-day step,1209,P001,sequential,8,-0.15013673733055244
15-day step,1209,P001,sequential,9,-0.23526978454396172
15-day step,1209,P001,sequential,10,-0.15731283233241647
15-day step,1209,P001,sequential,11,0.07687474903405003
15-day step,1209,P001,sequential,12,0.0652990567836542
15-day step,1209,P001,sequential,13,-0.01255735976779282
15-day step,1209,P001,sequential,14,-0.016173908073379855
15-day step,1209,P001,sequential,15,-0.03352354237576128
15-day step,1209,P001,sequential,16,-0.05445922744079468
15-day step,1209,P001,sequential,17,0.027093887398346492
15-day step,1209,P002,graph,0,0.15158989206262302
15-day step,1209,P002,graph,1,0.1392135066552548
15-day step,1209,P002,graph,2,0.12491435113943505
15-day step,1209,P002,graph,3,0.014919595004568277
15-day step,1209,P002,graph,4,-0.04244503860442102
15-day step,1209,P002,graph,5,-0.03322569544155678
15-day step,1209,P002,graph,6,-0.03510470892476585
15-day step,1209,P002,graph,7,0.0
15-day step,1209,P002,graph,8,-0.022999523790386594
15-day step,1209,P002,graph,9,-0.07032092421219184
15-day step,1209,P002,graph,10,-0.06257897880516936
15-day step,1209,P002,graph,11,0.15837857749663928
15-day step,1209,P002,graph,12,0.1396497707114703
15-day step,1209,P002,graph,13,0.06779241353136861
15-day step,1209,P002,graph,14,0.11757497798299636
15-day step,1209,P002,graph,15,0.11895976275098857
15-day step,1209,P002,graph,16,0.096832002043119
15-day step,1209,P002,graph,17,0.08390664931183747
15-day step,1209,P002,sequential,0,0.0
15-day step,1209,P002,sequential,1,-0.012621703657212154
15-day step,1209,P002,sequential,2,-0.027663097460424776
15-day step,1209,P002,sequential,3,-0.13219894438414573
15-day step,1209,P002,sequential,4,-0.1928742774412558
15-day step,1209,P002,sequential,5,-0.18554897322367392
15-day step,1209,P002,sequential,6,-0.1877518025949204
15-day step,1209,P002,sequential,7,-0.1507832616772266
15-day step,1209,P002,sequential,8,-0.1732492816921165
15-day step,1209,P002,sequential,9,-0.2201893839588429
15-day step,1209,P002,sequential,10,-0.21188778515251921
15-day step,1209,P002,sequential,11,0.0113872098155752
15-day step,1209,P002,sequential,12,-0.0067822480294070925
15-day step,1209,P002,sequential,13,-0.07816192920540203
15-day step,1209,P002,sequential,14,-0.027616535499918514
15-day step,1209,P002,sequential,15,-0.028388880960361258
15-day step,1209,P002,sequential,16,-0.052652511789046924
15-day step,1209,P002,sequential,17,-0.06825959429639676
15-day step,1210,P001,graph,0,0.13829298180618008
15-day step,1210,P001,graph,1,0.16038056006353707
15-day step,1210,P001,graph,2,0.15756164716960278
15-day step,1210,P001,graph,3,-0.025932127486207535
15-day step,1210,P001,graph,4,-0.04586647726281084
15-day step,1210,P001,graph,5,-0.0049936360715717824
15-day step,1210,P001,graph,6,-0.03973547913246824
15-day step,1210,P001,graph,7,0.0
15-day step,1210,P001,graph,8,-0.0010226040047119152
15-day step,1210,P001,graph,9,-0.07359779258399061
15-day step,1210,P001,graph,10,-0.07305911892005645
15-day step,1210,P001,graph,11,0.43884989958325826
15-day step,1210,P001,graph,12,0.43869360845338506
15-day step,1210,P001,graph,13,0.3436276205973452
15-day step,1210,P001,graph,14,0.36268235760594786
15-day step,1210,P001,graph,15,0.34850157587595315
15-day step,1210,P001,graph,16,0.2784429744499704
15-day step,1210,P001,graph,17,0.34012499462454254
15-day step,1210,P001,sequential,0,0.0
15-day step,1210,P001,sequential,1,0.02226998042083132
15-day step,1210,P001,sequential,2,0.016495699422767345
15-day step,1210,P001,sequential,3,-0.16830588638610544
15-day step,1210,P001,sequential,4,-0.19101732200052868
15-day step,1210,P001,sequential,5,-0.1504955446474005
15-day step,1210,P001,sequential,6,-0.18836780773868972
15-day step,1210,P001,sequential,7,-0.15125548792247756
15-day step,1210,P001,sequential,8,-0.15133976427957427
15-day step,1210,P001,sequential,9,-0.22504798611551097
15-day step,1210,P001,sequential,10,-0.22704950692734172
15-day step,1210,P001,sequential,11,0.28635638902630867
15-day step,1210,P001,sequential,12,0.2853783568220935
15-day step,1210,P001,sequential,13,0.1911107743269374
15-day step,1210,P001,sequential,14,0.21241037276997668
15-day step,1210,P001,sequential,15,0.19877334369070201
15-day step,1210,P001,sequential,16,0.12981614777688197
15-day step,1210,P001,sequential,17,0.1927348646885025
15-day step,1210,P002,graph,0,0.10853897297486603
15-day step,1210,P002,graph,1,0.13137099750186912
15-day step,1210,P002,graph,2,0.05100559372021035
15-day step,1210,P002,graph,3,-0.02394649272510898
15-day step,1210,P002,graph,4,-0.08216948360016801
15-day step,1210,P002,graph,5,-0.07788800963548895
15-day step,1210,P002,graph,6,-0.04730397167905847
15-day step,1210,P002,graph,7,-0.04145910794773281
15-day step,1210,P002,graph,8,0.0
15-day step,1210,P002,graph,9,-0.05803887655026235
15-day step,1210,P002,graph,10,-0.0010082903994539003
15-day step,1210,P002,graph,11,0.28720773779667425
15-day step,1210,P002,graph,12,0.32408819318735954
15-day step,1210,P002,graph,13,0.2655057381329646
15-day step,1210,P002,graph,14,0.2635160307119278
15-day step,1210,P002,graph,15,0.27456785050542476
15-day step,1210,P002,graph,16,0.2501595769639414
15-day step,1210,P002,graph,17,0.28837791964201753
15-day step,1210,P002,sequential,0,0.0
15-day step,1210,P002,sequential,1,0.023452782386227847
15-day step,1210,P002,sequential,2,-0.05743093108885622
15-day step,1210,P002,sequential,3,-0.13291300912972798
15-day step,1210,P002,sequential,4,-0.1904117114816548
15-day step,1210,P002,sequential,5,-0.18535487223040292
15-day step,1210,P002,sequential,6,-0.15328247183993804
15-day step,1210,P002,sequential,7,-0.14872881690841513
15-day step,1210,P002,sequential,8,-0.10745635970425006
15-day step,1210,P002,sequential,9,-0.16575445357036805
15-day step,1210,P002,sequential,10,-0.1074687003877635
15-day step,1210,P002,sequential,11,0.18146313142156245
15-day step,1210,P002,sequential,12,0.2163448081935295
15-day step,1210,P002,sequential,13,0.15796182840784634
15-day step,1210,P002,sequential,14,0.15678306205678988
15-day step,1210,P002,sequential,15,0.16802793322800824
15-day step,1210,P002,sequential,16,0.1404416340983928
15-day step,1210,P002,sequential,17,0.17864812912205302
15-day step,1211,P001,graph,0,0.09243896868654031
15-day step,1211,P001,graph,1,0.13954031045389956
15-day step,1211,P001,graph,2,0.0550819720000415
15-day step,1211,P001,graph,3,-0.037253449676249085
15-day step,1211,P001,graph,4,-0.022853586425308173
15-day step,1211,P001,graph,5,0.05868645545640177
15-day step,1211,P001,graph,6,0.0
15-day step,1211,P001,graph,7,0.029645766588734735
15-day step,1211,P001,graph,8,-0.013127097565678465
15-day step,1211,P001,graph,9,0.01578926491565255
15-day step,1211,P001,graph,10,0.03281366267536699
15-day step,1211,P001,graph,11,0.2158096394086465
15-day step,1211,P001,graph,12,0.20756390838085553
15-day step,1211,P001,graph,13,0.15112792275352577
15-day step,1211,P001,graph,14,0.10218818941289373
15-day step,1211,P001,graph,15,0.08589357406363102
15-day step,1211,P001,graph,16,0.10530398588264059
15-day step,1211,P001,graph,17,0.12525530900617576
15-day step,1211,P001,sequential,0,0.0
15-day step,1211,P001,sequential,1,0.04886269263187643
15-day step,1211,P001,sequential,2,-0.035635015935841736
15-day step,1211,P001,sequential,3,-0.12976813175740692
15-day step,1211,P001,sequential,4,-0.11537149288808729
15-day step,1211,P001,sequential,5,-0.03203179752714683
15-day step,1211,P001,sequential,6,-0.09309877980791839
15-day step,1211,P001,sequential,7,-0.06187867432435458
15-day step,1211,P001,sequential,8,-0.10453103015701368
15-day step,1211,P001,sequential,9,-0.07427828375656731
15-day step,1211,P001,sequential,10,-0.058402135073408294
15-day step,1211,P001,sequential,11,0.12327152303120073
15-day step,1211,P001,sequential,12,0.11327914548435755
15-day step,1211,P001,sequential,13,0.05764670906205042
15-day step,1211,P001,sequential,14,0.008850367398665758
15-day step,1211,P001,sequential,15,-0.009026127888173308
15-day step,1211,P001,sequential,16,0.009479629291252931
15-day step,1211,P001,sequential,17,0.030027673025325125
15-day step,1211,P002,graph,0,0.0693989499517932
15-day step,1211,P002,graph,1,0.05881233211485536
15-day step,1211,P002,graph,2,0.0586812718077721
15-day step,1211,P002,graph,3,-0.035310840710969724
15-day step,1211,P002,graph,4,-0.026580096995299445
15-day step,1211,P002,graph,5,-0.04274876456697608
15-day step,1211,P002,graph,6,-0.02685202058540235
15-day step,1211,P002,graph,7,-0.047866966150051954
15-day step,1211,P002,graph,8,-0.01439345925591214
15-day step,1211,P002,graph,9,0.03619545746246693
15-day step,1211,P002,graph,10,0.0
15-day step,1211,P002,graph,11,0.14908136254252127
15-day step,1211,P002,graph,12,0.16982731825939368
15-day step,1211,P002,graph,13,-0.015579455385876594
15-day step,1211,P002,graph,14,0.012160299100308908
15-day step,1211,P002,graph,15,0.0012178328720878154
15-day step,1211,P002,graph,16,0.005593098640559094
15-day step,1211,P002,graph,17,-0.052763976263750456
15-day step,1211,P002,sequential,0,0.0
15-day step,1211,P002,sequential,1,-0.012396296734616079
15-day step,1211,P002,sequential,2,-0.012236313061876196
15-day step,1211,P002,sequential,3,-0.10886154894908624
15-day step,1211,P002,sequential,4,-0.09940916984782493
15-day step,1211,P002,sequential,5,-0.11637340780008416
15-day step,1211,P002,sequential,6,-0.10202321774310204
15-day step,1211,P002,sequential,7,-0.12284004651247814
15-day step,1211,P002,sequential,8,-0.09108506996978247
15-day step,1211,P002,sequential,9,-0.04261863157386532
15-day step,1211,P002,sequential,10,-0.07770482967082665
15-day step,1211,P002,sequential,11,0.07152512275551995
15-day step,1211,P002,sequential,12,0.0921636598834633
15-day step,1211,P002,sequential,13,-0.09202954328470277
15-day step,1211,P002,sequential,14,-0.06457908701844971
15-day step,1211,P002,sequential,15,-0.07499215942932111
15-day step,1211,P002,sequential,16,-0.0705125693467221
15-day step,1211,P002,sequential,17,-0.13193506330718324
15-day step,1212,P001,graph,0,0.15763134302678605
15-day step,1212,P001,graph,1,0.11917944721341076
15-day step,1212,P001,graph,2,0.16597425041838262
15-day step,1212,P001,graph,3,0.010026264736972627
15-day step,1212,P001,graph,4,0.05582915115027071
15-day step,1212,P001,graph,5,0.014071183296567261
15-day step,1212,P001,graph,6,0.004223893470813042
15-day step,1212,P001,graph,7,0.0
15-day step,1212,P001,graph,8,0.04466140253826005
15-day step,1212,P001,graph,9,-0.0007953611054070106
15-day step,1212,P001,graph,10,-0.014450209066510329
15-day step,1212,P001,graph,11,0.20762390719156837
15-day step,1212,P001,graph,12,0.24118748755939162
15-day step,1212,P001,graph,13,-0.09566127221281402
15-day step,1212,P001,graph,14,-0.10025101252173646
15-day step,1212,P001,graph,15,-0.025466574433207233
15-day step,1212,P001,graph,16,-0.06235165956909556
15-day step,1212,P001,graph,17,-0.06911498982634512
15-day step,1212,P001,sequential,0,0.0
15-day step,1212,P001,sequential,1,-0.04029205275660927
15-day step,1212,P001,sequential,2,0.006979442234497972
15-day step,1212,P001,sequential,3,-0.14705060295232017
15-day step,1212,P001,sequential,4,-0.09897227031722022
15-day step,1212,P001,sequential,5,-0.14177701402113874
15-day step,1212,P001,sequential,6,-0.1527845515105834
15-day step,1212,P001,sequential,7,-0.1596936821449086
15-day step,1212,P001,sequential,8,-0.11658197400125853
15-day step,1212,P001,sequential,9,-0.16206220663535761
15-day step,1212,P001,sequential,10,-0.1785876519017029
15-day step,1212,P001,sequential,11,0.04488156256297865
15-day step,1212,P001,sequential,12,0.08058933041375613
15-day step,1212,P001,sequential,13,-0.2547036985264972
15-day step,1212,P001,sequential,14,-0.2603456243429656
15-day step,1212,P001,sequential,15,-0.18352415515005233
15-day step,1212,P001,sequential,16,-0.2155335467317802
15-day step,1212,P001,sequential,17,-0.22132364684916805
15-day step,1212,P002,graph,0,0.3117298908254545
15-day step,1212,P002,graph,1,0.33263043128880476
15-day step,1212,P002,graph,2,0.275849297871723
15-day step,1212,P002,graph,3,0.006899860052835008
15-day step,1212,P002,graph,4,0.059223222195686286
15-day step,1212,P002,graph,5,-0.005563175665174195
15-day step,1212,P002,graph,6,0.04671015281253935
15-day step,1212,P002,graph,7,0.0
15-day step,1212,P002,graph,8,0.028011687207285616
15-day step,1212,P002,graph,9,0.0254659605630949
15-day step,1212,P002,graph,10,0.02189275803951531
15-day step,1212,P002,graph,11,0.23668043040550615
15-day step,1212,P002,graph,12,0.26164264246191005
15-day step,1212,P002,graph,13,0.07235047938545693
15-day step,1212,P002,graph,14,0.0248795575230203
15-day step,1212,P002,graph,15,0.0760536656060753
15-day step,1212,P002,graph,16,0.07282972982882792
15-day step,1212,P002,graph,17,0.03672720723663964
15-day step,1212,P002,sequential,0,0.0
15-day step,1212,P002,sequential,1,0.022138637886632263
15-day step,1212,P002,sequential,2,-0.035398732787355454
15-day step,1212,P002,sequential,3,-0.30277110617079067
15-day step,1212,P002,sequential,4,-0.25017896886090935
15-day step,1212,P002,sequential,5,-0.31694777299897553
15-day step,1212,P002,sequential,6,-0.26572573469029315
15-day step,1212,P002,sequential,7,-0.31575815717665634
15-day step,1212,P002,sequential,8,-0.289268476811798
15-day step,1212,P002,sequential,9,-0.28865275057948736
15-day step,1212,P002,sequential,10,-0.29448029853144714
15-day step,1212,P002,sequential,11,-0.07983556789226459
15-day step,1212,P002,sequential,12,-0.05347865760732155
15-day step,1212,P002,sequential,13,-0.24197118563268305
15-day step,1212,P002,sequential,14,-0.28845162614937847
15-day step,1212,P002,sequential,15,-0.2352321174111089
15-day step,1212,P002,sequential,16,-0.23714410844977268
15-day step,1212,P002,sequential,17,-0.2749906318551775
15-day step,1213,P001,graph,0,0.004648895873688581
15-day step,1213,P001,graph,1,-0.011606598433320302
15-day step,1213,P001,graph,2,-0.01780162844653902
15-day step,1213,P001,graph,3,-0.048767495804383984
15-day step,1213,P001,graph,4,0.010785355545704955
15-day step,1213,P001,graph,5,-0.04809813796466409
15-day step,1213,P001,graph,6,-0.021270558327245625
15-day step,1213,P001,graph,7,-0.017785874944383127
15-day step,1213,P001,graph,8,-0.023391606162005574
15-day step,1213,P001,graph,9,-0.02273957121453213
15-day step,1213,P001,graph,10,0.0
15-day step,1213,P001,graph,11,0.2506096180752767
15-day step,1213,P001,graph,12,0.2428079654213056
15-day step,1213,P001,graph,13,-0.28246469678920255
15-day step,1213,P001,graph,14,-0.2621197559922739
15-day step,1213,P001,graph,15,-0.2278234844611992
15-day step,1213,P001,graph,16,-0.2550990916178026
15-day step,1213,P001,graph,17,-0.27544914802734766
15-day step,1213,P001,sequential,0,0.0
15-day step,1213,P001,sequential,1,-0.017301574235331144
15-day step,1213,P001,sequential,2,-0.026402672069468634
15-day step,1213,P001,sequential,3,-0.06079117689595184
15-day step,1213,P001,sequential,4,-0.00344578334125354
15-day step,1213,P001,sequential,5,-0.06139448235278665
15-day step,1213,P001,sequential,6,-0.03235063015164738
15-day step,1213,P001,sequential,7,-0.027517011180310004
15-day step,1213,P001,sequential,8,-0.031265366288057546
15-day step,1213,P001,sequential,9,-0.02783694336775979
15-day step,1213,P001,sequential,10,-0.0062864254702189905
15-day step,1213,P001,sequential,11,0.2414936268376117
15-day step,1213,P001,sequential,12,0.23244531147022665
15-day step,1213,P001,sequential,13,-0.29396391118221843
15-day step,1213,P001,sequential,14,-0.27519791932646614
15-day step,1213,P001,sequential,15,-0.24180362144194545
15-day step,1213,P001,sequential,16,-0.26579378258631936
15-day step,1213,P001,sequential,17,-0.2851403472775491
15-day step,1213,P002,graph,0,-0.013429115590350107
15-day step,1213,P002,graph,1,-0.07823794709450417
15-day step,1213,P002,graph,2,0.012909655726226495
15-day step,1213,P002,graph,3,-0.03727637334833418
15-day step,1213,P002,graph,4,-0.04354263950624276
15-day step,1213,P002,graph,5,-0.0515954293626099
15-day step,1213,P002,graph,6,-0.07872199366894303
15-day step,1213,P002,graph,7,-0.0363816453590951
15-day step,1213,P002,graph,8,-0.014713225566573602
15-day step,1213,P002,graph,9,0.0
15-day step,1213,P002,graph,10,-0.006840748940461331
15-day step,1213,P002,graph,11,0.3431687208042061
15-day step,1213,P002,graph,12,0.3316009860531526
15-day step,1213,P002,graph,13,-0.12888687127150528
15-day step,1213,P002,graph,14,-0.09053383264369863
15-day step,1213,P002,graph,15,-0.08381793730593703
15-day step,1213,P002,graph,16,-0.10404388337689052
15-day step,1213,P002,graph,17,-0.08388636656164294
15-day step,1213,P002,sequential,0,0.0
15-day step,1213,P002,sequential,1,-0.06555660570399009
15-day step,1213,P002,sequential,2,0.025476871744247467
15-day step,1213,P002,sequential,3,-0.026591038703945837
15-day step,1213,P002,sequential,4,-0.032144941745270335
15-day step,1213,P002,sequential,5,-0.03850726670634139
15-day step,1213,P002,sequential,6,-0.06474078332456984
15-day step,1213,P002,sequential,7,-0.021776505007627095
15-day step,1213,P002,sequential,8,-0.0006675953296260487
15-day step,1213,P002,sequential,9,0.0167823452775575
15-day step,1213,P002,sequential,10,0.01281603473879923
15-day step,1213,P002,sequential,11,0.36229614430108104
15-day step,1213,P002,sequential,12,0.3484114372498249
15-day step,1213,P002,sequential,13,-0.11245646920669294
15-day step,1213,P002,sequential,14,-0.07567401045637284
15-day step,1213,P002,sequential,15,-0.06713869531534891
15-day step,1213,P002,sequential,16,-0.08604703879019256
15-day step,1213,P002,sequential,17,-0.06563610111361172
15-day step,1214,P001,graph,0,0.2600387363568612
15-day step,1214,P001,graph,1,0.24678710427712927
15-day step,1214,P001,graph,2,0.2972860687346354
15-day step,1214,P001,graph,3,-0.025436699577083378
15-day step,1214,P001,graph,4,-0.05327028791811121
15-day step,1214,P001,graph,5,-0.012373269447280639
15-day step,1214,P001,graph,6,-0.02498832318542124
15-day step,1214,P001,graph,7,-0.03594311068973615
15-day step,1214,P001,graph,8,0.0
15-day step,1214,P001,graph,9,-0.02878017329704875
15-day step,1214,P001,graph,10,-0.02216815435103533
15-day step,1214,P001,graph,11,0.39472410658309226
15-day step,1214,P001,graph,12,0.4394725917850431
15-day step,1214,P001,graph,13,0.05427661421760436
15-day step,1214,P001,graph,14,0.022978243639838594
15-day step,1214,P001,graph,15,0.07881667276615585
15-day step,1214,P001,graph,16,0.08966048272463789
15-day step,1214,P001,graph,17,0.019770484381051872
15-day step,1214,P001,sequential,0,0.0
15-day step,1214,P001,sequential,1,-0.01690098125403496
15-day step,1214,P001,sequential,2,0.031261757391046585
15-day step,1214,P001,sequential,3,-0.29019904412654757
15-day step,1214,P001,sequential,4,-0.3193898843904925
15-day step,1214,P001,sequential,5,-0.2764909595788892
15-day step,1214,P001,sequential,6,-0.2888196533484058
15-day step,1214,P001,sequential,7,-0.29903697855742706
15-day step,1214,P001,sequential,8,-0.2615890199726804
15-day step,1214,P001,sequential,9,-0.28926920991553506
15-day step,1214,P001,sequential,10,-0.2853927881240043
15-day step,1214,P001,sequential,11,0.13029280429624257
15-day step,1214,P001,sequential,12,0.17539978208345372
15-day step,1214,P001,sequential,13,-0.20947306839982974
15-day step,1214,P001,sequential,14,-0.2400658697050262
15-day step,1214,P001,sequential,15,-0.1864542424739824
15-day step,1214,P001,sequential,16,-0.17758258185351894
15-day step,1214,P001,sequential,17,-0.24744616560460791
15-day step,1214,P002,graph,0,0.31015797246455373
15-day step,1214,P002,graph,1,0.3170737093345394
15-day step,1214,P002,graph,2,0.3586904428290225
15-day step,1214,P002,graph,3,0.03907672586008881
15-day step,1214,P002,graph,4,-0.014434271841953734
15-day step,1214,P002,graph,5,-0.026315793524553203
15-day step,1214,P002,graph,6,0.05869362754805259
15-day step,1214,P002,graph,7,0.02591377953256118
15-day step,1214,P002,graph,8,0.03828846239224473
15-day step,1214,P002,graph,9,0.013242272668405084
15-day step,1214,P002,graph,10,0.0
15-day step,1214,P002,graph,11,0.4238862870356856
15-day step,1214,P002,graph,12,0.3753344410378202
15-day step,1214,P002,graph,13,-0.001371150282877771
15-day step,1214,P002,graph,14,0.03780850952465589
15-day step,1214,P002,graph,15,0.00407597147496945
15-day step,1214,P002,graph,16,-0.028225213917296904
15-day step,1214,P002,graph,17,-0.008297604818503017
15-day step,1214,P002,sequential,0,0.0
15-day step,1214,P002,sequential,1,0.009933611327704433
15-day step,1214,P002,sequential,2,0.048548137906343825
15-day step,1214,P002,sequential,3,-0.27311021790943774
15-day step,1214,P002,sequential,4,-0.32765231731368655
15-day step,1214,P002,sequential,5,-0.3432906306155852
15-day step,1214,P002,sequential,6,-0.25795128259155453
15-day step,1214,P002,sequential,7,-0.2907563861138337
15-day step,1214,P002,sequential,8,-0.27811841826747546
15-day step,1214,P002,sequential,9,-0.3027230992834399
15-day step,1214,P002,sequential,10,-0.3163933878364023
15-day step,1214,P002,sequential,11,0.10529603891806621
15-day step,1214,P002,sequential,12,0.056927159043464744
15-day step,1214,P002,sequential,13,-0.31818028509617396
15-day step,1214,P002,sequential,14,-0.2801424859106359
15-day step,1214,P002,sequential,15,-0.3165113094245617
15-day step,1214,P002,sequential,16,-0.35057087663042624
15-day step,1214,P002,sequential,17,-0.33004236404689946
15-day step,1215,P001,graph,0,-0.052099997852419616
15-day step,1215,P001,graph,1,-0.11622144657371454
15-day step,1215,P001,graph,2,-0.11316804987663619
15-day step,1215,P001,graph,3,-0.15181421526507916
15-day step,1215,P001,graph,4,-0.14976108529701418
15-day step,1215,P001,graph,5,-0.1355428685506811
15-day step,1215,P001,graph,6,-0.12731860463444497
15-day step,1215,P001,graph,7,-0.09967539992660802
15-day step,1215,P001,graph,8,0.0
15-day step,1215,P001,graph,9,-0.038418646961764204
15-day step,1215,P001,graph,10,-0.008267931935633707
15-day step,1215,P001,graph,11,0.1240907314718569
15-day step,1215,P001,graph,12,0.14389816838050723
15-day step,1215,P001,graph,13,-0.09789367195888912
15-day step,1215,P001,graph,14,-0.11571169821566957
15-day step,1215,P001,graph,15,-0.15420753729491768
15-day step,1215,P001,graph,16,-0.07429220870869807
15-day step,1215,P001,graph,17,-0.18488947805116332
15-day step,1215,P001,sequential,0,0.0
15-day step,1215,P001,sequential,1,-0.06721639066688738
15-day step,1215,P001,sequential,2,-0.06582331392541321
15-day step,1215,P001,sequential,3,-0.10522213791646817
15-day step,1215,P001,sequential,4,-0.10372696244096431
15-day step,1215,P001,sequential,5,-0.09148463001181349
15-day step,1215,P001,sequential,6,-0.0827363573808303
15-day step,1215,P001,sequential,7,-0.054119540910683134
15-day step,1215,P001,sequential,8,0.04570178538834592
15-day step,1215,P001,sequential,9,0.009052235844799535
15-day step,1215,P001,sequential,10,0.0382356888089677
15-day step,1215,P001,sequential,11,0.1707811106034008
15-day step,1215,P001,sequential,12,0.1898891764818093
15-day step,1215,P001,sequential,13,-0.05216552244149045
15-day step,1215,P001,sequential,14,-0.06834996926405762
15-day step,1215,P001,sequential,15,-0.10522723102842332
15-day step,1215,P001,sequential,16,-0.0287063233006348
15-day step,1215,P001,sequential,17,-0.13878120759655246
15-day step,1215,P002,graph,0,-0.035544422715713855
15-day step,1215,P002,graph,1,-0.14838039238578854
15-day step,1215,P002,graph,2,-0.057144013026957506
15-day step,1215,P002,graph,3,-0.047123150111585695
15-day step,1215,P002,graph,4,-0.10979108226079323
15-day step,1215,P002,graph,5,-0.11087434114881428
15-day step,1215,P002,graph,6,-0.06074418912506005
15-day step,1215,P002,graph,7,-0.05693683195774324
15-day step,1215,P002,graph,8,-0.04288831632489605
15-day step,1215,P002,graph,9,-0.06510016189658695
15-day step,1215,P002,graph,10,-0.0882206363474568
15-day step,1215,P002,graph,11,0.0
15-day step,1215,P002,graph,12,-0.03914525085649986
15-day step,1215,P002,graph,13,-0.13607013748345204
15-day step,1215,P002,graph,14,-0.11861037185651942
15-day step,1215,P002,graph,15,-0.10835874804544418
15-day step,1215,P002,graph,16,-0.1344034348392869
15-day step,1215,P002,graph,17,-0.12178965122415765
15-day step,1215,P002,sequential,0,0.0
15-day step,1215,P002,sequential,1,-0.11013974478878127
15-day step,1215,P002,sequential,2,-0.01770518145517848
15-day step,1215,P002,sequential,3,-0.009311216167007067
15-day step,1215,P002,sequential,4,-0.07266412868571735
15-day step,1215,P002,sequential,5,-0.0770202902031899
15-day step,1215,P002,sequential,6,-0.027324103384642973
15-day step,1215,P002,sequential,7,-0.021593044061872416
15-day step,1215,P002,sequential,8,-0.008523978457797015
15-day step,1215,P002,sequential,9,-0.03005436523001486
15-day step,1215,P002,sequential,10,-0.055372655902767506
15-day step,1215,P002,sequential,11,0.032389589418998666
15-day step,1215,P002,sequential,12,-0.008336461066152968
15-day step,1215,P002,sequential,13,-0.10715197231161977
15-day step,1215,P002,sequential,14,-0.08661274378162151
15-day step,1215,P002,sequential,15,-0.07606886234939823
15-day step,1215,P002,sequential,16,-0.09955826841576633
15-day step,1215,P002,sequential,17,-0.08576516842398359
15-day step,1216,P001,graph,0,0.2224224329690653
15-day step,1216,P001,graph,1,0.26425248245534794
15-day step,1216,P001,graph,2,0.2698253625973901
15-day step,1216,P001,graph,3,0.0588774588911184
15-day step,1216,P001,graph,4,0.03406392613959387
15-day step,1216,P001,graph,5,0.028389261722640214
15-day step,1216,P001,graph,6,0.023438478940167543
15-day step,1216,P001,graph,7,0.0
15-day step,1216,P001,graph,8,0.03299790326866084
15-day step,1216,P001,graph,9,-0.0030736950733523797
15-day step,1216,P001,graph,10,0.0337464171449497
15-day step,1216,P001,graph,11,0.14276417756382537
15-day step,1216,P001,graph,12,0.20226253733881525
15-day step,1216,P001,graph,13,0.13708610521360162
15-day step,1216,P001,graph,14,0.14484558445680354
15-day step,1216,P001,graph,15,0.1725724558478667
15-day step,1216,P001,graph,16,0.1338655980371098
15-day step,1216,P001,graph,17,0.1587337061441477
15-day step,1216,P001,sequential,0,0.0
15-day step,1216,P001,sequential,1,0.038308961595923126
15-day step,1216,P001,sequential,2,0.043996611808238634
15-day step,1216,P001,sequential,3,-0.1658349447855834
15-day step,1216,P001,sequential,4,-0.19177753911524265
15-day step,1216,P001,sequential,5,-0.19630800558534764
15-day step,1216,P001,sequential,6,-0.2034938450851856
15-day step,1216,P001,sequential,7,-0.22553022089712202
15-day step,1216,P001,sequential,8,-0.19099801536223543
15-day step,1216,P001,sequential,9,-0.22734853264536595
15-day step,1216,P001,sequential,10,-0.19008796454777954
15-day step,1216,P001,sequential,11,-0.08515853827446603
15-day step,1216,P001,sequential,12,-0.026885588337302313
15-day step,1216,P001,sequential,13,-0.08977419953731279
15-day step,1216,P001,sequential,14,-0.08256978470679324
15-day step,1216,P001,sequential,15,-0.05406837650651897
15-day step,1216,P001,sequential,16,-0.09204226275282845
15-day step,1216,P001,sequential,17,-0.06672125261439425
15-day step,1216,P002,graph,0,0.023910776270410203
15-day step,1216,P002,graph,1,0.06063688793477091
15-day step,1216,P002,graph,2,0.048436483552184925
15-day step,1216,P002,graph,3,-0.2130014719417019
15-day step,1216,P002,graph,4,-0.2241575531239113
15-day step,1216,P002,graph,5,-0.21413069487042627
15-day step,1216,P002,graph,6,-0.17656369299679664
15-day step,1216,P002,graph,7,-0.14024515804596713
15-day step,1216,P002,graph,8,-0.23584939567974783
15-day step,1216,P002,graph,9,-0.16100552838291488
15-day step,1216,P002,graph,10,-0.23853565062036108
15-day step,1216,P002,graph,11,0.0
15-day step,1216,P002,graph,12,-0.028725560630489286
15-day step,1216,P002,graph,13,-0.024270053839706183
15-day step,1216,P002,graph,14,-0.01164340633186042
15-day step,1216,P002,graph,15,0.03343191039400463
15-day step,1216,P002,graph,16,-0.0024970826548531334
15-day step,1216,P002,graph,17,-0.01933666607270298
15-day step,1216,P002,sequential,0,0.0
15-day step,1216,P002,sequential,1,0.034784402178203236
15-day step,1216,P002,sequential,2,0.02586065574296746
15-day step,1216,P002,sequential,3,-0.23861155427678177
15-day step,1216,P002,sequential,4,-0.250947157439019
15-day step,1216,P002,sequential,5,-0.23962988888127912
15-day step,1216,P002,sequential,6,-0.20295144852374786
15-day step,1216,P002,sequential,7,-0.16697450273558062
15-day step,1216,P002,sequential,8,-0.2637268137362969
15-day step,1216,P002,sequential,9,-0.18787966094726427
15-day step,1216,P002,sequential,10,-0.26591515614104194
15-day step,1216,P002,sequential,11,-0.02468433690484087
15-day step,1216,P002,sequential,12,-0.04947946465758356
15-day step,1216,P002,sequential,13,-0.04097156436169419
15-day step,1216,P002,sequential,14,-0.02713770388564049
15-day step,1216,P002,sequential,15,0.02036857168218402
15-day step,1216,P002,sequential,16,-0.012937706712205302
15-day step,1216,P002,sequential,17,-0.031831454699001796
15-day step,1217,P001,graph,0,0.11083383114918574
15-day step,1217,P001,graph,1,0.12071772143572453
15-day step,1217,P001,graph,2,0.083583708927293
15-day step,1217,P001,graph,3,-0.00465937730594602
15-day step,1217,P001,graph,4,0.015062297874137574
15-day step,1217,P001,graph,5,0.019276795504806012
15-day step,1217,P001,graph,6,-0.005640353394829442
15-day step,1217,P001,graph,7,0.024141215449713056
15-day step,1217,P001,graph,8,-0.022941684409333085
15-day step,1217,P001,graph,9,-0.04650518850477048
15-day step,1217,P001,graph,10,0.0339782615182636
15-day step,1217,P001,graph,11,0.2630960759100173
15-day step,1217,P001,graph,12,0.2709297590206244
15-day step,1217,P001,graph,13,0.0
15-day step,1217,P001,graph,14,0.0004826643963223895
15-day step,1217,P001,graph,15,-0.03173221760434837
15-day step,1217,P001,graph,16,0.01694417838213292
15-day step,1217,P001,graph,17,0.0029891933528956517
15-day step,1217,P001,sequential,0,0.0
15-day step,1217,P001,sequential,1,0.008442752753844637
15-day step,1217,P001,sequential,2,-0.024597234360583316
15-day step,1217,P001,sequential,3,-0.112018408394261
15-day step,1217,P001,sequential,4,-0.09182144668915855
15-day step,1217,P001,sequential,5,-0.08708336978561262
15-day step,1217,P001,sequential,6,-0.11102260552817389
15-day step,1217,P001,sequential,7,-0.08358260263106121
15-day step,1217,P001,sequential,8,-0.13113345678558339
15-day step,1217,P001,sequential,9,-0.1556570420055174
15-day step,1217,P001,sequential,10,-0.07111998788689666
15-day step,1217,P001,sequential,11,0.1597339104723022
15-day step,1217,P001,sequential,12,0.1672523110181631
15-day step,1217,P001,sequential,13,-0.10349354551036696
15-day step,1217,P001,sequential,14,-0.1045513397144294
15-day step,1217,P001,sequential,15,-0.13623492445623636
15-day step,1217,P001,sequential,16,-0.09152680962701792
15-day step,1217,P001,sequential,17,-0.10405711126592797
15-day step,1217,P002,graph,0,0.021894849892238905
15-day step,1217,P002,graph,1,0.0548208923283314
15-day step,1217,P002,graph,2,0.12543588298793848
15-day step,1217,P002,graph,3,-0.015038052253533614
15-day step,1217,P002,graph,4,0.020256670280386826
15-day step,1217,P002,graph,5,-0.030191800232048076
15-day step,1217,P002,graph,6,0.0
15-day step,1217,P002,graph,7,-0.014094245327282776
15-day step,1217,P002,graph,8,0.017316335143831987
15-day step,1217,P002,graph,9,-0.010816955488828613
15-day step,1217,P002,graph,10,0.027640353571719966
15-day step,1217,P002,graph,11,0.18068442142988622
15-day step,1217,P002,graph,12,0.23813563682332406
15-day step,1217,P002,graph,13,0.11612275611404038
15-day step,1217,P002,graph,14,0.12361339247793399
15-day step,1217,P002,graph,15,0.13061194654554326
15-day step,1217,P002,graph,16,0.1171725143218918
15-day step,1217,P002,graph,17,0.1308379053812359
15-day step,1217,P002,sequential,0,0.0
15-day step,1217,P002,sequential,1,0.030091561668589603
15-day step,1217,P002,sequential,2,0.09761374600276794
15-day step,1217,P002,sequential,3,-0.04070083205359458
15-day step,1217,P002,sequential,4,-0.00346289821623582
15-day step,1217,P002,sequential,5,-0.054003813436682306
15-day step,1217,P002,sequential,6,-0.026044506368786278
15-day step,1217,P002,sequential,7,-0.037260836771765074
15-day step,1217,P002,sequential,8,-0.002411535667726082
15-day step,1217,P002,sequential,9,-0.031056225534097762
15-day step,1217,P002,sequential,10,0.005450906310704846
15-day step,1217,P002,sequential,11,0.1631721655001265
15-day step,1217,P002,sequential,12,0.2216757186395229
15-day step,1217,P002,sequential,13,0.10026185964491638
15-day step,1217,P002,sequential,14,0.10819801239197574
15-day step,1217,P002,sequential,15,0.1154510992772949
15-day step,1217,P002,sequential,16,0.10309014436172236
15-day step,1217,P002,sequential,17,0.11910999651981818
15-day step,1218,P001,graph,0,-0.19898171575891854
15-day step,1218,P001,graph,1,-0.2303701597441356
15-day step,1218,P001,graph,2,-0.18932489469486793
15-day step,1218,P001,graph,3,-0.26981246507140644
15-day step,1218,P001,graph,4,-0.2545945429680731
15-day step,1218,P001,graph,5,-0.267473793918031
15-day step,1218,P001,graph,6,-0.2487443906331313
15-day step,1218,P001,graph,7,-0.29598108661598066
15-day step,1218,P001,graph,8,-0.22467573913388098
15-day step,1218,P001,graph,9,-0.2986673047985377
15-day step,1218,P001,graph,10,-0.2721066307283934
15-day step,1218,P001,graph,11,0.0
15-day step,1218,P001,graph,12,0.04352039673074152
15-day step,1218,P001,graph,13,-0.32982939428871894
15-day step,1218,P001,graph,14,-0.3387671471191491
15-day step,1218,P001,graph,15,-0.3607528242787312
15-day step,1218,P001,graph,16,-0.32432012703376123
15-day step,1218,P001,graph,17,-0.34105832212397913
15-day step,1218,P001,sequential,0,0.0
15-day step,1218,P001,sequential,1,-0.029154153109814947
15-day step,1218,P001,sequential,2,0.009999546835841488
15-day step,1218,P001,sequential,3,-0.07000349608213624
15-day step,1218,P001,sequential,4,-0.05572597312181993
15-day step,1218,P001,sequential,5,-0.06812692011130014
15-day step,1218,P001,sequential,6,-0.05186871858642447
15-day step,1218,P001,sequential,7,-0.09819762439162522
15-day step,1218,P001,sequential,8,-0.024153919092378795
15-day step,1218,P001,sequential,9,-0.09621916258738518
15-day step,1218,P001,sequential,10,-0.07033512987169445
15-day step,1218,P001,sequential,11,0.20085757884326255
15-day step,1218,P001,sequential,12,0.24293491903793946
15-day step,1218,P001,sequential,13,-0.13120602856872587
15-day step,1218,P001,sequential,14,-0.1403136058960704
15-day step,1218,P001,sequential,15,-0.16475871367960412
15-day step,1218,P001,sequential,16,-0.12720669431356058
15-day step,1218,P001,sequential,17,-0.141965427082092
15-day step,1218,P002,graph,0,-0.2735914571967417
15-day step,1218,P002,graph,1,-0.27810770419315356
15-day step,1218,P002,graph,2,-0.29063462834986287
15-day step,1218,P002,graph,3,-0.3766788678994343
15-day step,1218,P002,graph,4,-0.3761142977214635
15-day step,1218,P002,graph,5,-0.400970444597229
15-day step,1218,P002,graph,6,-0.3693143886845238
15-day step,1218,P002,graph,7,-0.2877029422214913
15-day step,1218,P002,graph,8,-0.3360019329552788
15-day step,1218,P002,graph,9,-0.31759994717799295
15-day step,1218,P002,graph,10,-0.3918578982937258
15-day step,1218,P002,graph,11,0.0
15-day step,1218,P002,graph,12,0.05590541838645295
15-day step,1218,P002,graph,13,-0.40047811866419974
15-day step,1218,P002,graph,14,-0.38517516549710473
15-day step,1218,P002,graph,15,-0.41037203594657773
15-day step,1218,P002,graph,16,-0.44416706287661983
15-day step,1218,P002,graph,17,-0.38682768353497793
15-day step,1218,P002,sequential,0,0.0
15-day step,1218,P002,sequential,1,-0.006010007882512565
15-day step,1218,P002,sequential,2,-0.018936073722640587
15-day step,1218,P002,sequential,3,-0.10543990664687786
15-day step,1218,P002,sequential,4,-0.10367716519627736
15-day step,1218,P002,sequential,5,-0.12489130917879493
15-day step,1218,P002,sequential,6,-0.09326225408013913
15-day step,1218,P002,sequential,7,-0.011029253503283196
15-day step,1218,P002,sequential,8,-0.0585053208109997
15-day step,1218,P002,sequential,9,-0.03903880406485688
15-day step,1218,P002,sequential,10,-0.11436583923693179
15-day step,1218,P002,sequential,11,0.2777205527197692
15-day step,1218,P002,sequential,12,0.3308363419584266
15-day step,1218,P002,sequential,13,-0.1240847732067023
15-day step,1218,P002,sequential,14,-0.1110728138683511
15-day step,1218,P002,sequential,15,-0.13896239540535843
15-day step,1218,P002,sequential,16,-0.17036688523655047
15-day step,1218,P002,sequential,17,-0.1130958486265589
15-day step,1219,P001,graph,0,0.04003908964448048
15-day step,1219,P001,graph,1,0.03163099886827418
15-day step,1219,P001,graph,2,0.02889005710695083
15-day step,1219,P001,graph,3,-0.03092191575776527
15-day step,1219,P001,graph,4,-0.021145369706025173
15-day step,1219,P001,graph,5,0.05670505122387727
15-day step,1219,P001,graph,6,0.021224264931155243
15-day step,1219,P001,graph,7,0.011667111058742201
15-day step,1219,P001,graph,8,0.09085534558373176
15-day step,1219,P001,graph,9,0.0
15-day step,1219,P001,graph,10,0.022384282517443822
15-day step,1219,P001,graph,11,0.27162336423000333
15-day step,1219,P001,graph,12,0.3441989575105125
15-day step,1219,P001,graph,13,0.10813856041425858
15-day step,1219,P001,graph,14,0.11719853434653428
15-day step,1219,P001,graph,15,0.0812402961901653
15-day step,1219,P001,graph,16,0.032345975335513165
15-day step,1219,P001,graph,17,0.06673521720141605
15-day step,1219,P001,sequential,0,0.0
15-day step,1219,P001,sequential,1,-0.005591188935634322
15-day step,1219,P001,sequential,2,-0.008005646011267218
15-day step,1219,P001,sequential,3,-0.07037539599734956
15-day step,1219,P001,sequential,4,-0.061850107135522865
15-day step,1219,P001,sequential,5,0.01604542409500464
15-day step,1219,P001,sequential,6,-0.02012776802647455
15-day step,1219,P001,sequential,7,-0.03006681853850686
15-day step,1219,P001,sequential,8,0.046874769821216536
15-day step,1219,P001,sequential,9,-0.04258020722746812
15-day step,1219,P001,sequential,10,-0.022510890232803598
15-day step,1219,P001,sequential,11,0.22513534744598773
15-day step,1219,P001,sequential,12,0.29843261193605175
15-day step,1219,P001,sequential,13,0.061837469594438504
15-day step,1219,P001,sequential,14,0.07121100089412896
15-day step,1219,P001,sequential,15,0.03538276753625627
15-day step,1219,P001,sequential,16,-0.014809494990260075
15-day step,1219,P001,sequential,17,0.019205772417219602
15-day step,1219,P002,graph,0,-0.035925796015872424
15-day step,1219,P002,graph,1,-0.05916668584478684
15-day step,1219,P002,graph,2,-0.03552911948673831
15-day step,1219,P002,graph,3,0.002013168283898561
15-day step,1219,P002,graph,4,-0.020488824357742356
15-day step,1219,P002,graph,5,0.003036252052371845
15-day step,1219,P002,graph,6,-0.041901660864515106
15-day step,1219,P002,graph,7,-0.018367895381907466
15-day step,1219,P002,graph,8,0.01810376073202413
15-day step,1219,P002,graph,9,0.045655073141542664
15-day step,1219,P002,graph,10,0.0
15-day step,1219,P002,graph,11,0.2470205032588266
15-day step,1219,P002,graph,12,0.25479692552347316
15-day step,1219,P002,graph,13,-0.01664790941750149
15-day step,1219,P002,graph,14,-0.02946446836640729
15-day step,1219,P002,graph,15,0.02492491876371062
15-day step,1219,P002,graph,16,0.05305381935511674
15-day step,1219,P002,graph,17,-0.05125105650344135
15-day step,1219,P002,sequential,0,0.0
15-day step,1219,P002,sequential,1,-0.0202579568575085
15-day step,1219,P002,sequential,2,0.004700001144315014
15-day step,1219,P002,sequential,3,0.03763621561185404
15-day step,1219,P002,sequential,4,0.012325185109809702
15-day step,1219,P002,sequential,5,0.0360235016928129
15-day step,1219,P002,sequential,6,-0.00928822526529896
15-day step,1219,P002,sequential,7,0.014542648968470635
15-day step,1219,P002,sequential,8,0.050288192012801054
15-day step,1219,P002,sequential,9,0.07775046133612955
15-day step,1219,P002,sequential,10,0.03148603531281885
15-day step,1219,P002,sequential,11,0.28020629222047355
15-day step,1219,P002,sequential,12,0.2880334075167017
15-day step,1219,P002,sequential,13,0.01692032748036637
15-day step,1219,P002,sequential,14,0.003459635425481975
15-day step,1219,P002,sequential,15,0.058529946712833195
15-day step,1219,P002,sequential,16,0.08690145838641279
15-day step,1219,P002,sequential,17,-0.018470597620712306
"15-day step, low noise",1200,P001,graph,0,0.16362677821922528
"15-day step, low noise",1200,P001,graph,1,0.1601640628667343
"15-day step, low noise",1200,P001,graph,2,0.17964892855149325
"15-day step, low noise",1200,P001,graph,3,-0.022231428094568947
"15-day step, low noise",1200,P001,graph,4,-0.01772505656240079
"15-day step, low noise",1200,P001,graph,5,0.0041553258643474535
"15-day step, low noise",1200,P001,graph,6,0.002101077102026412
"15-day step, low noise",1200,P001,graph,7,-0.03962351878279402
"15-day step, low noise",1200,P001,graph,8,-0.004948886983400756
"15-day step, low noise",1200,P001,graph,9,-0.02679125782403516
"15-day step, low noise",1200,P001,graph,10,0.0
"15-day step, low noise",1200,P001,graph,11,0.38388439060566604
"15-day step, low noise",1200,P001,graph,12,0.34432676030002657
"15-day step, low noise",1200,P001,graph,13,0.07850160726605634
"15-day step, low noise",1200,P001,graph,14,-0.018398385659533514
"15-day step, low noise",1200,P001,graph,15,0.06669412748020934
"15-day step, low noise",1200,P001,graph,16,0.021036373123192897
"15-day step, low noise",1200,P001,graph,17,-0.004537061597739913
"15-day step, low noise",1200,P001,sequential,0,0.0
"15-day step, low noise",1200,P001,sequential,1,-0.001483358449487694
"15-day step, low noise",1200,P001,sequential,2,0.01469517388864917
"15-day step, low noise",1200,P001,sequential,3,-0.1865677633201794
"15-day step, low noise",1200,P001,sequential,4,-0.183573463920193
"15-day step, low noise",1200,P001,sequential,5,-0.1618499731581623
"15-day step, low noise",1200,P001,sequential,6,-0.1648218553237425
"15-day step, low noise",1200,P001,sequential,7,-0.20727977131908099
"15-day step, low noise",1200,P001,sequential,8,-0.172477383650104
"15-day step, low noise",1200,P001,sequential,9,-0.19236587571416258
"15-day step, low noise",1200,P001,sequential,10,-0.16855264646543866
"15-day step, low noise",1200,P001,sequential,11,0.2136146633876187
"15-day step, low noise",1200,P001,sequential,12,0.17290015839721104
"15-day step, low noise",1200,P001,sequential,13,-0.09321419124691452
"15-day step, low noise",1200,P001,sequential,14,-0.19038994535913667
"15-day step, low noise",1200,P001,sequential,15,-0.1068399206892974
"15-day step, low noise",1200,P001,sequential,16,-0.1546940101008035
"15-day step, low noise",1200,P001,sequential,17,-0.1802994905088552
"15-day step, low noise",1200,P002,graph,0,0.213969529962396
"15-day step, low noise",1200,P002,graph,1,0.1628894759562254
"15-day step, low noise",1200,P002,graph,2,0.18298569872744647
"15-day step, low noise",1200,P002,graph,3,-0.05461710649711181
"15-day step, low noise",1200,P002,graph,4,0.05180160042898631
"15-day step, low noise",1200,P002,graph,5,0.03841076808535779
"15-day step, low noise",1200,P002,graph,6,-0.042213725010469556
"15-day step, low noise",1200,P002,graph,7,-0.009034487786858472
"15-day step, low noise",1200,P002,graph,8,-0.04362074331731364
"15-day step, low noise",1200,P002,graph,9,0.004354282594943038
"15-day step, low noise",1200,P002,graph,10,0.0
"15-day step, low noise",1200,P002,graph,11,0.3124972419274713
"15-day step, low noise",1200,P002,graph,12,0.34635336961766805
"15-day step, low noise",1200,P002,graph,13,-0.03429556491121851
"15-day step, low noise",1200,P002,graph,14,0.004560735631075857
"15-day step, low noise",1200,P002,graph,15,5.417312490737781e-05
"15-day step, low noise",1200,P002,graph,16,0.012132344917262094
"15-day step, low noise",1200,P002,graph,17,0.05750841970999004
"15-day step, low noise",1200,P002,sequential,0,0.0
"15-day step, low noise",1200,P002,sequential,1,-0.053923502759663115
"15-day step, low noise",1200,P002,sequential,2,-0.03159621759852727
"15-day step, low noise",1200,P002,sequential,3,-0.26893167380933475
"15-day step, low noise",1200,P002,sequential,4,-0.163003119665808
"15-day step, low noise",1200,P002,sequential,5,-0.17798195860521035
"15-day step, low noise",1200,P002,sequential,6,-0.2599862977763858
"15-day step, low noise",1200,P002,sequential,7,-0.227418399214848
"15-day step, low noise",1200,P002,sequential,8,-0.259199228263421
"15-day step, low noise",1200,P002,sequential,9,-0.21144556696756167
"15-day step, low noise",1200,P002,sequential,10,-0.21445463870097414
"15-day step, low noise",1200,P002,sequential,11,0.1004371928635614
"15-day step, low noise",1200,P002,sequential,12,0.1354178341915344
"15-day step, low noise",1200,P002,sequential,13,-0.2462668444948585
"15-day step, low noise",1200,P002,sequential,14,-0.20743360362580754
"15-day step, low noise",1200,P002,sequential,15,-0.21314981758447457
"15-day step, low noise",1200,P002,sequential,16,-0.2020111119014353
"15-day step, low noise",1200,P002,sequential,17,-0.15480608832589893
"15-day step, low noise",1201,P001,graph,0,0.024890688110372067
"15-day step, low noise",1201,P001,graph,1,0.06203712234583121
"15-day step, low noise",1201,P001,graph,2,0.061808476432943245
"15-day step, low noise",1201,P001,graph,3,0.031214167688585592
"15-day step, low noise",1201,P001,graph,4,-0.008464790936678837
"15-day step, low noise",1201,P001,graph,5,-0.026444795750092894
"15-day step, low noise",1201,P001,graph,6,-0.06724172155589765
"15-day step, low noise",1201,P001,graph,7,-0.010060752747688938
"15-day step, low noise",1201,P001,graph,8,-0.04113630161061182
"15-day step, low noise",1201,P001,graph,9,-0.0020154025960288945
"15-day step, low noise",1201,P001,graph,10,0.0
"15-day step, low noise",1201,P001,graph,11,0.2751470529998458
"15-day step, low noise",1201,P001,graph,12,0.32299973389058456
"15-day step, low noise",1201,P001,graph,13,0.08081222426157585
"15-day step, low noise",1201,P001,graph,14,0.09649311241885057
"15-day step, low noise",1201,P001,graph,15,0.12302973156671237
"15-day step, low noise",1201,P001,graph,16,0.05484812450864972
"15-day step, low noise",1201,P001,graph,17,0.18322473707833528
"15-day step, low noise",1201,P001,sequential,0,0.0
"15-day step, low noise",1201,P001,sequential,1,0.04330769733304017
"15-day step, low noise",1201,P001,sequential,2,0.042530277531310674
"15-day step, low noise",1201,P001,sequential,3,0.013031497290085119
"15-day step, low noise",1201,P001,sequential,4,-0.025246456008501172
"15-day step, low noise",1201,P001,sequential,5,-0.04321955787850322
"15-day step, low noise",1201,P001,sequential,6,-0.08822732405882514
"15-day step, low noise",1201,P001,sequential,7,-0.03147225642784247
"15-day step, low noise",1201,P001,sequential,8,-0.06520897678700524
"15-day step, low noise",1201,P001,sequential,9,-0.02626894662056952
"15-day step, low noise",1201,P001,sequential,10,-0.0238176619715597
"15-day step, low noise",1201,P001,sequential,11,0.2521896434384151
"15-day step, low noise",1201,P001,sequential,12,0.2982776064755753
"15-day step, low noise",1201,P001,sequential,13,0.05643968116402684
"15-day step, low noise",1201,P001,sequential,14,0.07118055842346328
"15-day step, low noise",1201,P001,sequential,15,0.09796754553603225
"15-day step, low noise",1201,P001,sequential,16,0.03247306311321023
"15-day step, low noise",1201,P001,sequential,17,0.16008574181037372
"15-day step, low noise",1201,P002,graph,0,0.0535633602327666
"15-day step, low noise",1201,P002,graph,1,0.09599334481394091
"15-day step, low noise",1201,P002,graph,2,0.12976304312687317
"15-day step, low noise",1201,P002,graph,3,0.0607584653840683
"15-day step, low noise",1201,P002,graph,4,-0.011395064602587683
"15-day step, low noise",1201,P002,graph,5,-0.007566841057459609
"15-day step, low noise",1201,P002,graph,6,-0.016558238667539756
"15-day step, low noise",1201,P002,graph,7,0.0
"15-day step, low noise",1201,P002,graph,8,-0.007732841307099875
"15-day step, low noise",1201,P002,graph,9,0.014178631226912094
"15-day step, low noise",1201,P002,graph,10,-0.012343480249793898
"15-day step, low noise",1201,P002,graph,11,0.3503196580591698
"15-day step, low noise",1201,P002,graph,12,0.3632767956673369
"15-day step, low noise",1201,P002,graph,13,0.11017805739653477
"15-day step, low noise",1201,P002,graph,14,0.12866223545919966
"15-day step, low noise",1201,P002,graph,15,0.11234127708749064
"15-day step, low noise",1201,P002,graph,16,0.08623878608805924
"15-day step, low noise",1201,P002,graph,17,0.03582438900579444
"15-day step, low noise",1201,P002,sequential,0,0.0
"15-day step, low noise",1201,P002,sequential,1,0.04481323680951915
"15-day step, low noise",1201,P002,sequential,2,0.07757174088200555
"15-day step, low noise",1201,P002,sequential,3,0.008565375217846408
"15-day step, low noise",1201,P002,sequential,4,-0.06308094672490226
"15-day step, low noise",1201,P002,sequential,5,-0.06091405252809649
"15-day step, low noise",1201,P002,sequential,6,-0.06975001989726103
"15-day step, low noise",1201,P002,sequential,7,-0.05533357787587184
"15-day step, low noise",1201,P002,sequential,8,-0.06216720788464537
"15-day step, low noise",1201,P002,sequential,9,-0.03908561281989423
"15-day step, low noise",1201,P002,sequential,10,-0.0655949622007969
"15-day step, low noise",1201,P002,sequential,11,0.2964539529213033
"15-day step, low noise",1201,P002,sequential,12,0.3080584412955334
"15-day step, low noise",1201,P002,sequential,13,0.05550569715619935
"15-day step, low noise",1201,P002,sequential,14,0.0736094157414833
"15-day step, low noise",1201,P002,sequential,15,0.05945457525443226
"15-day step, low noise",1201,P002,sequential,16,0.03196851628585998
"15-day step, low noise",1201,P002,sequential,17,-0.017390672451198186
"15-day step, low noise",1202,P001,graph,0,0.15499360243578017
"15-day step, low noise",1202,P001,graph,1,0.1334333140880891
"15-day step, low noise",1202,P001,graph,2,0.10906420410179592
"15-day step, low noise",1202,P001,graph,3,0.005056033374233692
"15-day step, low noise",1202,P001,graph,4,0.011300085139634134
"15-day step, low noise",1202,P001,graph,5,0.01774459400062667
"15-day step, low noise",1202,P001,graph,6,0.07026003388481088
"15-day step, low noise",1202,P001,graph,7,0.05303524500624531
"15-day step, low noise",1202,P001,graph,8,0.0
"15-day step, low noise",1202,P001,graph,9,0.011404631753486032
"15-day step, low noise",1202,P001,graph,10,0.029821098729121934
"15-day step, low noise",1202,P001,graph,11,0.2377476585365438
"15-day step, low noise",1202,P001,graph,12,0.28131590751298036
"15-day step, low noise",1202,P001,graph,13,0.17799187124139487
"15-day step, low noise",1202,P001,graph,14,0.18087579150978408
"15-day step, low noise",1202,P001,graph,15,0.138217301013515
"15-day step, low noise",1202,P001,graph,16,0.1265757181470101
"15-day step, low noise",1202,P001,graph,17,0.17161345431778577
"15-day step, low noise",1202,P001,sequential,0,0.0
"15-day step, low noise",1202,P001,sequential,1,-0.021459516706764038
"15-day step, low noise",1202,P001,sequential,2,-0.04760607943816257
"15-day step, low noise",1202,P001,sequential,3,-0.15114358789037768
"15-day step, low noise",1202,P001,sequential,4,-0.14375931222081356
"15-day step, low noise",1202,P001,sequential,5,-0.13543474414971762
"15-day step, low noise",1202,P001,sequential,6,-0.08353096541383079
"15-day step, low noise",1202,P001,sequential,7,-0.1006189006873973
"15-day step, low noise",1202,P001,sequential,8,-0.15622398870897236
"15-day step, low noise",1202,P001,sequential,9,-0.14470582011325966
"15-day step, low noise",1202,P001,sequential,10,-0.12930775617678533
"15-day step, low noise",1202,P001,sequential,11,0.07934714366032583
"15-day step, low noise",1202,P001,sequential,12,0.12472869013138155
"15-day step, low noise",1202,P001,sequential,13,0.02419858006207333
"15-day step, low noise",1202,P001,sequential,14,0.024896043265852805
"15-day step, low noise",1202,P001,sequential,15,-0.01765932822382916
"15-day step, low noise",1202,P001,sequential,16,-0.029401758108125176
"15-day step, low noise",1202,P001,sequential,17,0.01928504629280848
"15-day step, low noise",1202,P002,graph,0,0.15549706636322508
"15-day step, low noise",1202,P002,graph,1,0.11239625735268358
"15-day step, low noise",1202,P002,graph,2,0.14843108194042925
"15-day step, low noise",1202,P002,graph,3,0.0018060280683918075
"15-day step, low noise",1202,P002,graph,4,0.0
"15-day step, low noise",1202,P002,graph,5,-0.02214744625976539
"15-day step, low noise",1202,P002,graph,6,0.019563101802345845
"15-day step, low noise",1202,P002,graph,7,0.018420425929474554
"15-day step, low noise",1202,P002,graph,8,-0.014471970200011716
"15-day step, low noise",1202,P002,graph,9,0.017939290657458935
"15-day step, low noise",1202,P002,graph,10,-0.04290856426119612
"15-day step, low noise",1202,P002,graph,11,0.2155094705026799
"15-day step, low noise",1202,P002,graph,12,0.27727521731185106
"15-day step, low noise",1202,P002,graph,13,0.11238708311059001
"15-day step, low noise",1202,P002,graph,14,0.09547357546977064
"15-day step, low noise",1202,P002,graph,15,0.15897885815986584
"15-day step, low noise",1202,P002,graph,16,0.14227142224056868
"15-day step, low noise",1202,P002,graph,17,0.11384195631475472
"15-day step, low noise",1202,P002,sequential,0,0.0
"15-day step, low noise",1202,P002,sequential,1,-0.044061857695519166
"15-day step, low noise",1202,P002,sequential,2,-0.007717972782429396
"15-day step, low noise",1202,P002,sequential,3,-0.15208792625844236
"15-day step, low noise",1202,P002,sequential,4,-0.1576299535952575
"15-day step, low noise",1202,P002,sequential,5,-0.1799915571465486
"15-day step, low noise",1202,P002,sequential,6,-0.13862144073830257
"15-day step, low noise",1202,P002,sequential,7,-0.1391200840738319
"15-day step, low noise",1202,P002,sequential,8,-0.17282480112648327
"15-day step, low noise",1202,P002,sequential,9,-0.13769061255269072
"15-day step, low noise",1202,P002,sequential,10,-0.1999790035282672
"15-day step, low noise",1202,P002,sequential,11,0.06064855152928411
"15-day step, low noise",1202,P002,sequential,12,0.1238157482569359
"15-day step, low noise",1202,P002,sequential,13,-0.0391371689736897
"15-day step, low noise",1202,P002,sequential,14,-0.05795114663313264
"15-day step, low noise",1202,P002,sequential,15,0.0025485979527928304
"15-day step, low noise",1202,P002,sequential,16,-0.011285833112847575
"15-day step, low noise",1202,P002,sequential,17,-0.04196487309211135
"15-day step, low noise",1203,P001,graph,0,0.2895647365328381
"15-day step, low noise",1203,P001,graph,1,0.29035307183572845
"15-day step, low noise",1203,P001,graph,2,0.29466501519242533
"15-day step, low noise",1203,P001,graph,3,0.036744243704068036
"15-day step, low noise",1203,P001,graph,4,0.014019580654269979
"15-day step, low noise",1203,P001,graph,5,0.0
"15-day step, low noise",1203,P001,graph,6,0.01727082226651676
"15-day step, low noise",1203,P001,graph,7,-0.009198013290017066
"15-day step, low noise",1203,P001,graph,8,0.018849043726814278
"15-day step, low noise",1203,P001,graph,9,-0.027112635553221118
"15-day step, low noise",1203,P001,graph,10,0.01239425205209897
"15-day step, low noise",1203,P001,graph,11,0.31581233111693885
"15-day step, low noise",1203,P001,graph,12,0.2707719111004948
"15-day step, low noise",1203,P001,graph,13,0.19637103704539588
"15-day step, low noise",1203,P001,graph,14,0.17393552999377712
"15-day step, low noise",1203,P001,graph,15,0.2128542279496501
"15-day step, low noise",1203,P001,graph,16,0.25164710629886233
"15-day step, low noise",1203,P001,graph,17,0.15650343508918904
"15-day step, low noise",1203,P001,sequential,0,0.0
"15-day step, low noise",1203,P001,sequential,1,-0.00015406946886020061
"15-day step, low noise",1203,P001,sequential,2,0.0012152891288956865
"15-day step, low noise",1203,P001,sequential,3,-0.25708184608709345
"15-day step, low noise",1203,P001,sequential,4,-0.27979565480349367
"15-day step, low noise",1203,P001,sequential,5,-0.294132097983102
"15-day step, low noise",1203,P001,sequential,6,-0.2772949306515138
"15-day step, low noise",1203,P001,sequential,7,-0.30313580856761246
"15-day step, low noise",1203,P001,sequential,8,-0.2771992387455387
"15-day step, low noise",1203,P001,sequential,9,-0.3239730632010347
"15-day step, low noise",1203,P001,sequential,10,-0.28346307339058974
"15-day step, low noise",1203,P001,sequential,11,0.019078320183954944
"15-day step, low noise",1203,P001,sequential,12,-0.028951008341844692
"15-day step, low noise",1203,P001,sequential,13,-0.10157198705736646
"15-day step, low noise",1203,P001,sequential,14,-0.12397775755877191
"15-day step, low noise",1203,P001,sequential,15,-0.08616319898505992
"15-day step, low noise",1203,P001,sequential,16,-0.0479733250558456
"15-day step, low noise",1203,P001,sequential,17,-0.1443868423081028
"15-day step, low noise",1203,P002,graph,0,0.25815943250999274
"15-day step, low noise",1203,P002,graph,1,0.24901783751861617
"15-day step, low noise",1203,P002,graph,2,0.23427491727266175
"15-day step, low noise",1203,P002,graph,3,0.009583087365941219
"15-day step, low noise",1203,P002,graph,4,-0.07449737826847973
"15-day step, low noise",1203,P002,graph,5,-0.04190662538835289
"15-day step, low noise",1203,P002,graph,6,-0.04109190798110307
"15-day step, low noise",1203,P002,graph,7,0.05608196137028002
"15-day step, low noise",1203,P002,graph,8,0.030040671566338384
"15-day step, low noise",1203,P002,graph,9,0.061600115969432
"15-day step, low noise",1203,P002,graph,10,0.0
"15-day step, low noise",1203,P002,graph,11,0.339045446920115
"15-day step, low noise",1203,P002,graph,12,0.27622180045457645
"15-day step, low noise",1203,P002,graph,13,0.20052061415051944
"15-day step, low noise",1203,P002,graph,14,0.1696770701957508
"15-day step, low noise",1203,P002,graph,15,0.18125461307941046
"15-day step, low noise",1203,P002,graph,16,0.17911171369331985
"15-day step, low noise",1203,P002,graph,17,0.1603759522432302
"15-day step, low noise",1203,P002,sequential,0,0.0
"15-day step, low noise",1203,P002,sequential,1,-0.011186425370091386
"15-day step, low noise",1203,P002,sequential,2,-0.020558466310654097
"15-day step, low noise",1203,P002,sequential,3,-0.2507767647434559
"15-day step, low noise",1203,P002,sequential,4,-0.33166875180595945
"15-day step, low noise",1203,P002,sequential,5,-0.29716342168361304
"15-day step, low noise",1203,P002,sequential,6,-0.2960867988195219
"15-day step, low noise",1203,P002,sequential,7,-0.19873554312042457
"15-day step, low noise",1203,P002,sequential,8,-0.2233858674849486
"15-day step, low noise",1203,P002,sequential,9,-0.19054612095435441
"15-day step, low noise",1203,P002,sequential,10,-0.25057260829850736
"15-day step, low noise",1203,P002,sequential,11,0.08713015968292792
"15-day step, low noise",1203,P002,sequential,12,0.027332961083836378
"15-day step, low noise",1203,P002,sequential,13,-0.04793526250693069
"15-day step, low noise",1203,P002,sequential,14,-0.07680398595388577
"15-day step, low noise",1203,P002,sequential,15,-0.063940227738073
"15-day step, low noise",1203,P002,sequential,16,-0.06434634259846099
"15-day step, low noise",1203,P002,sequential,17,-0.08174354441240776
"15-day step, low noise",1204,P001,graph,0,0.007733451688057527
"15-day step, low noise",1204,P001,graph,1,-0.01270637082139625
"15-day step, low noise",1204,P001,graph,2,0.016370757143318666
"15-day step, low noise",1204,P001,graph,3,-0.029802493334402467
"15-day step, low noise",1204,P001,graph,4,-0.021528421347892814
"15-day step, low noise",1204,P001,graph,5,0.00021054731486282277
"15-day step, low noise",1204,P001,graph,6,-0.019789736604944777
"15-day step, low noise",1204,P001,graph,7,0.0
"15-day step, low noise",1204,P001,graph,8,0.015073694214110565
"15-day step, low noise",1204,P001,graph,9,-0.026600819845917296
"15-day step, low noise",1204,P001,graph,10,-0.029293469574745875
"15-day step, low noise",1204,P001,graph,11,0.08549049670551247
"15-day step, low noise",1204,P001,graph,12,0.10597148808472297
"15-day step, low noise",1204,P001,graph,13,-0.0018505015341061535
"15-day step, low noise",1204,P001,graph,14,0.041555766281081256
"15-day step, low noise",1204,P001,graph,15,0.014143936508960574
"15-day step, low noise",1204,P001,graph,16,0.027796188740321054
"15-day step, low noise",1204,P001,graph,17,-0.026798461327770858
"15-day step, low noise",1204,P001,sequential,0,0.0
"15-day step, low noise",1204,P001,sequential,1,-0.02107470653514075
"15-day step, low noise",1204,P001,sequential,2,0.009466071649058268
"15-day step, low noise",1204,P001,sequential,3,-0.037689209406766566
"15-day step, low noise",1204,P001,sequential,4,-0.03025127183482964
"15-day step, low noise",1204,P001,sequential,5,-0.011218033075756507
"15-day step, low noise",1204,P001,sequential,6,-0.03140575348025769
"15-day step, low noise",1204,P001,sequential,7,-0.011472013372775265
"15-day step, low noise",1204,P001,sequential,8,0.002151236555438637
"15-day step, low noise",1204,P001,sequential,9,-0.042305719604638664
"15-day step, low noise",1204,P001,sequential,10,-0.045560310894968675
"15-day step, low noise",1204,P001,sequential,11,0.06875163726330805
"15-day step, low noise",1204,P001,sequential,12,0.08794513920778907
"15-day step, low noise",1204,P001,sequential,13,-0.019045180838476394
"15-day step, low noise",1204,P001,sequential,14,0.024605852876046615
"15-day step, low noise",1204,P001,sequential,15,0.0011271515209725497
"15-day step, low noise",1204,P001,sequential,16,0.012215052018398951
"15-day step, low noise",1204,P001,sequential,17,-0.04333435165635878
"15-day step, low noise",1204,P002,graph,0,0.08501029393859792
"15-day step, low noise",1204,P002,graph,1,0.08915249993244102
"15-day step, low noise",1204,P002,graph,2,0.04264412034598207
"15-day step, low noise",1204,P002,graph,3,0.04058793794811422
"15-day step, low noise",1204,P002,graph,4,0.04853490527911304
"15-day step, low noise",1204,P002,graph,5,-0.023262312969631792
"15-day step, low noise",1204,P002,graph,6,-0.005810173257161555
"15-day step, low noise",1204,P002,graph,7,-0.0255618463718347
"15-day step, low noise",1204,P002,graph,8,-0.011890529935297385
"15-day step, low noise",1204,P002,graph,9,-0.011304229537391547
"15-day step, low noise",1204,P002,graph,10,0.0
"15-day step, low noise",1204,P002,graph,11,0.16038091856595843
"15-day step, low noise",1204,P002,graph,12,0.11676553750389129
"15-day step, low noise",1204,P002,graph,13,0.01734472631322772
"15-day step, low noise",1204,P002,graph,14,0.04443247632273663
"15-day step, low noise",1204,P002,graph,15,0.006571681115847934
"15-day step, low noise",1204,P002,graph,16,0.09279679835998152
"15-day step, low noise",1204,P002,graph,17,-0.0345501400429025
"15-day step, low noise",1204,P002,sequential,0,0.0
"15-day step, low noise",1204,P002,sequential,1,0.0012990868954222126
"15-day step, low noise",1204,P002,sequential,2,-0.04475051067175303
"15-day step, low noise",1204,P002,sequential,3,-0.043720866836887966
"15-day step, low noise",1204,P002,sequential,4,-0.03838924473401882
"15-day step, low noise",1204,P002,sequential,5,-0.11082251540564478
"15-day step, low noise",1204,P002,sequential,6,-0.09225062306971461
"15-day step, low noise",1204,P002,sequential,7,-0.11358748234714765
"15-day step, low noise",1204,P002,sequential,8,-0.09923277449355117
"15-day step, low noise",1204,P002,sequential,9,-0.10039597044051259
"15-day step, low noise",1204,P002,sequential,10,-0.08837332787881827
"15-day step, low noise",1204,P002,sequential,11,0.07242835943207288
"15-day step, low noise",1204,P002,sequential,12,0.03077998722901698
"15-day step, low noise",1204,P002,sequential,13,-0.0673549427718943
"15-day step, low noise",1204,P002,sequential,14,-0.041554053612693154
"15-day step, low noise",1204,P002,sequential,15,-0.0811166608894009
"15-day step, low noise",1204,P002,sequential,16,0.006130856296132428
"15-day step, low noise",1204,P002,sequential,17,-0.12166870746143844
"15-day step, low noise",1205,P001,graph,0,0.20243930645772168
"15-day step, low noise",1205,P001,graph,1,0.15953064607580106
"15-day step, low noise",1205,P001,graph,2,0.20816913777731766
"15-day step, low noise",1205,P001,graph,3,0.07894298441176097
"15-day step, low noise",1205,P001,graph,4,0.07692944833460379
"15-day step, low noise",1205,P001,graph,5,0.043629279717450786
"15-day step, low noise",1205,P001,graph,6,0.026974473169392697
"15-day step, low noise",1205,P001,graph,7,0.0
"15-day step, low noise",1205,P001,graph,8,0.13280885124688946
"15-day step, low noise",1205,P001,graph,9,0.010365544031267498
"15-day step, low noise",1205,P001,graph,10,0.07053598087247019
"15-day step, low noise",1205,P001,graph,11,0.15658690435749942
"15-day step, low noise",1205,P001,graph,12,0.1190739280936811
"15-day step, low noise",1205,P001,graph,13,-0.05320414343437823
"15-day step, low noise",1205,P001,graph,14,-0.036074567368005434
"15-day step, low noise",1205,P001,graph,15,-0.049540591437954265
"15-day step, low noise",1205,P001,graph,16,-0.02102006078216005
"15-day step, low noise",1205,P001,graph,17,-0.024492999152375856
"15-day step, low noise",1205,P001,sequential,0,0.0
"15-day step, low noise",1205,P001,sequential,1,-0.04891410470372008
"15-day step, low noise",1205,P001,sequential,2,0.0008236496253273065
"15-day step, low noise",1205,P001,sequential,3,-0.12882804436341333
"15-day step, low noise",1205,P001,sequential,4,-0.12989553043918
"15-day step, low noise",1205,P001,sequential,5,-0.16398596491579753
"15-day step, low noise",1205,P001,sequential,6,-0.1802666222369582
"15-day step, low noise",1205,P001,sequential,7,-0.2038244606405051
"15-day step, low noise",1205,P001,sequential,8,-0.0684386052576701
"15-day step, low noise",1205,P001,sequential,9,-0.19184265334971617
"15-day step, low noise",1205,P001,sequential,10,-0.13143163570431954
"15-day step, low noise",1205,P001,sequential,11,-0.045304870037103304
"15-day step, low noise",1205,P001,sequential,12,-0.08375020401078631
"15-day step, low noise",1205,P001,sequential,13,-0.25592883980387127
"15-day step, low noise",1205,P001,sequential,14,-0.23745537365099098
"15-day step, low noise",1205,P001,sequential,15,-0.24745381182497383
"15-day step, low noise",1205,P001,sequential,16,-0.21873092452015483
"15-day step, low noise",1205,P001,sequential,17,-0.22396593250683666
"15-day step, low noise",1205,P002,graph,0,0.17744749399917167
"15-day step, low noise",1205,P002,graph,1,0.12442318623414117
"15-day step, low noise",1205,P002,graph,2,0.15119318399394419
"15-day step, low noise",1205,P002,graph,3,-0.054917827384293225
"15-day step, low noise",1205,P002,graph,4,0.0017310665490656136
"15-day step, low noise",1205,P002,graph,5,0.0
"15-day step, low noise",1205,P002,graph,6,-0.01805842211195689
"15-day step, low noise",1205,P002,graph,7,-0.0028436891772049317
"15-day step, low noise",1205,P002,graph,8,0.008832792067919447
"15-day step, low noise",1205,P002,graph,9,0.023446795899465793
"15-day step, low noise",1205,P002,graph,10,-0.0258863937065948
"15-day step, low noise",1205,P002,graph,11,0.08988273359628533
"15-day step, low noise",1205,P002,graph,12,0.148200413640716
"15-day step, low noise",1205,P002,graph,13,-0.06753250812555361
"15-day step, low noise",1205,P002,graph,14,-0.04496611577836743
"15-day step, low noise",1205,P002,graph,15,-0.05329643320891247
"15-day step, low noise",1205,P002,graph,16,-0.003976537394791776
"15-day step, low noise",1205,P002,graph,17,-0.03835468725125761
"15-day step, low noise",1205,P002,sequential,0,0.0
"15-day step, low noise",1205,P002,sequential,1,-0.056124197134168434
"15-day step, low noise",1205,P002,sequential,2,-0.027424183270960932
"15-day step, low noise",1205,P002,sequential,3,-0.2351917204318867
"15-day step, low noise",1205,P002,sequential,4,-0.1792942235570854
"15-day step, low noise",1205,P002,sequential,5,-0.1819077806069467
"15-day step, low noise",1205,P002,sequential,6,-0.20037072139852538
"15-day step, low noise",1205,P002,sequential,7,-0.18745979116763684
"15-day step, low noise",1205,P002,sequential,8,-0.17399329877431124
"15-day step, low noise",1205,P002,sequential,9,-0.16021936335462847
"15-day step, low noise",1205,P002,sequential,10,-0.20839726024444752
"15-day step, low noise",1205,P002,sequential,11,-0.09175443455886291
"15-day step, low noise",1205,P002,sequential,12,-0.03265703199858813
"15-day step, low noise",1205,P002,sequential,13,-0.2480793808927673
"15-day step, low noise",1205,P002,sequential,14,-0.22573952502129865
"15-day step, low noise",1205,P002,sequential,15,-0.2344720542039315
"15-day step, low noise",1205,P002,sequential,16,-0.18526857619513976
"15-day step, low noise",1205,P002,sequential,17,-0.2178521038272418
"15-day step, low noise",1206,P001,graph,0,-0.04720328420708938
"15-day step, low noise",1206,P001,graph,1,-0.06462994372020464
"15-day step, low noise",1206,P001,graph,2,-0.05277541955752032
"15-day step, low noise",1206,P001,graph,3,-0.03168127991250361
"15-day step, low noise",1206,P001,graph,4,-0.07670365594030787
"15-day step, low noise",1206,P001,graph,5,-0.1148430936158699
"15-day step, low noise",1206,P001,graph,6,-0.0931441685877766
"15-day step, low noise",1206,P001,graph,7,-0.10036228689990434
"15-day step, low noise",1206,P001,graph,8,0.0
"15-day step, low noise",1206,P001,graph,9,0.00800012451090875
"15-day step, low noise",1206,P001,graph,10,-0.0259502073806965
"15-day step, low noise",1206,P001,graph,11,0.062023468886796905
"15-day step, low noise",1206,P001,graph,12,0.07976525489491584
"15-day step, low noise",1206,P001,graph,13,-0.07865860174019111
"15-day step, low noise",1206,P001,graph,14,-0.017653591942608578
"15-day step, low noise",1206,P001,graph,15,-0.03526719114608477
"15-day step, low noise",1206,P001,graph,16,-0.0024327978366017345
"15-day step, low noise",1206,P001,graph,17,-0.1008552423219216
"15-day step, low noise",1206,P001,sequential,0,0.0
"15-day step, low noise",1206,P001,sequential,1,-0.015365956372127107
"15-day step, low noise",1206,P001,sequential,2,-0.0019075337163155428
"15-day step, low noise",1206,P001,sequential,3,0.01749025423142251
"15-day step, low noise",1206,P001,sequential,4,-0.025941629207724082
"15-day step, low noise",1206,P001,sequential,5,-0.0652998026316945
"15-day step, low noise",1206,P001,sequential,6,-0.04710055553729907
"15-day step, low noise",1206,P001,sequential,7,-0.055139261160144705
"15-day step, low noise",1206,P001,sequential,8,0.04587678891348313
"15-day step, low noise",1206,P001,sequential,9,0.05320794502737958
"15-day step, low noise",1206,P001,sequential,10,0.017353191827528792
"15-day step, low noise",1206,P001,sequential,11,0.1049874185619564
"15-day step, low noise",1206,P001,sequential,12,0.12464305421053012
"15-day step, low noise",1206,P001,sequential,13,-0.033555654998886936
"15-day step, low noise",1206,P001,sequential,14,0.02603617754506276
"15-day step, low noise",1206,P001,sequential,15,0.008379590212252812
"15-day step, low noise",1206,P001,sequential,16,0.04067922935002476
"15-day step, low noise",1206,P001,sequential,17,-0.0572065123723361
"15-day step, low noise",1206,P002,graph,0,0.03352812802080188
"15-day step, low noise",1206,P002,graph,1,0.004548487344858164
"15-day step, low noise",1206,P002,graph,2,0.012764160779946148
"15-day step, low noise",1206,P002,graph,3,0.022294245225255162
"15-day step, low noise",1206,P002,graph,4,0.06017170766886039
"15-day step, low noise",1206,P002,graph,5,0.014703566637240038
"15-day step, low noise",1206,P002,graph,6,-0.007176793343851155
"15-day step, low noise",1206,P002,graph,7,0.0
"15-day step, low noise",1206,P002,graph,8,0.06747698673918169
"15-day step, low noise",1206,P002,graph,9,0.054916429070240164
"15-day step, low noise",1206,P002,graph,10,0.1101816743678169
"15-day step, low noise",1206,P002,graph,11,0.18240471475941478
"15-day step, low noise",1206,P002,graph,12,0.12203736449321555
"15-day step, low noise",1206,P002,graph,13,0.006888664547931617
"15-day step, low noise",1206,P002,graph,14,0.009967799868863782
"15-day step, low noise",1206,P002,graph,15,0.08009388451278711
"15-day step, low noise",1206,P002,graph,16,0.06547610219417536
"15-day step, low noise",1206,P002,graph,17,0.06392222636789907
"15-day step, low noise",1206,P002,sequential,0,0.0
"15-day step, low noise",1206,P002,sequential,1,-0.03307976070819143
"15-day step, low noise",1206,P002,sequential,2,-0.024898566341443207
"15-day step, low noise",1206,P002,sequential,3,-0.01458932972721743
"15-day step, low noise",1206,P002,sequential,4,0.024123143656639992
"15-day step, low noise",1206,P002,sequential,5,-0.019626025856448757
"15-day step, low noise",1206,P002,sequential,6,-0.043368660889922424
"15-day step, low noise",1206,P002,sequential,7,-0.03784398275388572
"15-day step, low noise",1206,P002,sequential,8,0.028641168035753346
"15-day step, low noise",1206,P002,sequential,9,0.016600457899126904
"15-day step, low noise",1206,P002,sequential,10,0.07176590315511208
"15-day step, low noise",1206,P002,sequential,11,0.14291910095470411
"15-day step, low noise",1206,P002,sequential,12,0.08182438277474902
"15-day step, low noise",1206,P002,sequential,13,-0.03424024949000311
"15-day step, low noise",1206,P002,sequential,14,-0.033950826017327296
"15-day step, low noise",1206,P002,sequential,15,0.03284024289863373
"15-day step, low noise",1206,P002,sequential,16,0.01961836106416602
"15-day step, low noise",1206,P002,sequential,17,0.01846323235926275
"15-day step, low noise",1207,P001,graph,0,0.2212388630985909
"15-day step, low noise",1207,P001,graph,1,0.2686318443369707
"15-day step, low noise",1207,P001,graph,2,0.26861776608776217
"15-day step, low noise",1207,P001,graph,3,-0.057413937785492385
"15-day step, low noise",1207,P001,graph,4,-0.01888048153634825
"15-day step, low noise",1207,P001,graph,5,0.0
"15-day step, low noise",1207,P001,graph,6,0.005474195813129087
"15-day step, low noise",1207,P001,graph,7,-0.04795961898932807
"15-day step, low noise",1207,P001,graph,8,-0.07090446017120963
"15-day step, low noise",1207,P001,graph,9,-0.04641657176324722
"15-day step, low noise",1207,P001,graph,10,-0.0055645330251460345
"15-day step, low noise",1207,P001,graph,11,0.2417962139868255
"15-day step, low noise",1207,P001,graph,12,0.27095537668826974
"15-day step, low noise",1207,P001,graph,13,0.24940722378914448
"15-day step, low noise",1207,P001,graph,14,0.2712233294984628
"15-day step, low noise",1207,P001,graph,15,0.2576851532179801
"15-day step, low noise",1207,P001,graph,16,0.23096609465307025
"15-day step, low noise",1207,P001,graph,17,0.20232148178446333
"15-day step, low noise",1207,P001,sequential,0,0.0
"15-day step, low noise",1207,P001,sequential,1,0.04696868795409629
"15-day step, low noise",1207,P001,sequential,2,0.04743860616831591
"15-day step, low noise",1207,P001,sequential,3,-0.2814451643692574
"15-day step, low noise",1207,P001,sequential,4,-0.2405084149198185
"15-day step, low noise",1207,P001,sequential,5,-0.21897530051374514
"15-day step, low noise",1207,P001,sequential,6,-0.21138845138702977
"15-day step, low noise",1207,P001,sequential,7,-0.2657493293773753
"15-day step, low noise",1207,P001,sequential,8,-0.2887079531887296
"15-day step, low noise",1207,P001,sequential,9,-0.2645282545947176
"15-day step, low noise",1207,P001,sequential,10,-0.22412658731943835
"15-day step, low noise",1207,P001,sequential,11,0.023331303105839557
"15-day step, low noise",1207,P001,sequential,12,0.052476317501409214
"15-day step, low noise",1207,P001,sequential,13,0.031537630132232986
"15-day step, low noise",1207,P001,sequential,14,0.05252139383624535
"15-day step, low noise",1207,P001,sequential,15,0.043505804921568775
"15-day step, low noise",1207,P001,sequential,16,0.01639995879500334
"15-day step, low noise",1207,P001,sequential,17,-0.010596402887021704
"15-day step, low noise",1207,P002,graph,0,-0.005620766672143233
"15-day step, low noise",1207,P002,graph,1,-0.09076353202893535
"15-day step, low noise",1207,P002,graph,2,-0.041185678244880564
"15-day step, low noise",1207,P002,graph,3,-0.3425687999574571
"15-day step, low noise",1207,P002,graph,4,-0.35260782968028176
"15-day step, low noise",1207,P002,graph,5,-0.3506324813660879
"15-day step, low noise",1207,P002,graph,6,-0.3799573416652211
"15-day step, low noise",1207,P002,graph,7,-0.32131095918088154
"15-day step, low noise",1207,P002,graph,8,-0.34089420013115285
"15-day step, low noise",1207,P002,graph,9,-0.30602568500540156
"15-day step, low noise",1207,P002,graph,10,-0.3011358421072505
"15-day step, low noise",1207,P002,graph,11,-0.013192468331727533
"15-day step, low noise",1207,P002,graph,12,0.0
"15-day step, low noise",1207,P002,graph,13,-0.046139121162579434
"15-day step, low noise",1207,P002,graph,14,-0.08120551121978313
"15-day step, low noise",1207,P002,graph,15,-0.030545729725390755
"15-day step, low noise",1207,P002,graph,16,-0.021130546028447154
"15-day step, low noise",1207,P002,graph,17,-0.06952908820540907
"15-day step, low noise",1207,P002,sequential,0,0.0
"15-day step, low noise",1207,P002,sequential,1,-0.08668150316828661
"15-day step, low noise",1207,P002,sequential,2,-0.03796386988124947
"15-day step, low noise",1207,P002,sequential,3,-0.3379020308480876
"15-day step, low noise",1207,P002,sequential,4,-0.34951740717552005
"15-day step, low noise",1207,P002,sequential,5,-0.34893465367954546
"15-day step, low noise",1207,P002,sequential,6,-0.37509198385362563
"15-day step, low noise",1207,P002,sequential,7,-0.31672712395555197
"15-day step, low noise",1207,P002,sequential,8,-0.33908353084500586
"15-day step, low noise",1207,P002,sequential,9,-0.3042436351522786
"15-day step, low noise",1207,P002,sequential,10,-0.2992718691816639
"15-day step, low noise",1207,P002,sequential,11,-0.009307640671811612
"15-day step, low noise",1207,P002,sequential,12,0.0012095050641966216
"15-day step, low noise",1207,P002,sequential,13,-0.043486904694914
"15-day step, low noise",1207,P002,sequential,14,-0.07919665808484504
"15-day step, low noise",1207,P002,sequential,15,-0.02931924279049284
"15-day step, low noise",1207,P002,sequential,16,-0.019568666023770546
"15-day step, low noise",1207,P002,sequential,17,-0.06995835344358206
"15-day step, low noise",1208,P001,graph,0,0.10435810711733001
"15-day step, low noise",1208,P001,graph,1,0.05070826579442723
"15-day step, low noise",1208,P001,graph,2,0.09087905571687684
"15-day step, low noise",1208,P001,graph,3,0.020968403374494633
"15-day step, low noise",1208,P001,graph,4,-0.029501513104925735
"15-day step, low noise",1208,P001,graph,5,0.047581297076117246
"15-day step, low noise",1208,P001,graph,6,0.0
"15-day step, low noise",1208,P001,graph,7,0.041711930328405464
"15-day step, low noise",1208,P001,graph,8,-0.03514073755962918
"15-day step, low noise",1208,P001,graph,9,0.03858770290091392
"15-day step, low noise",1208,P001,graph,10,0.04217187240232919
"15-day step, low noise",1208,P001,graph,11,0.21992629135983663
"15-day step, low noise",1208,P001,graph,12,0.17197425709178163
"15-day step, low noise",1208,P001,graph,13,-0.08925206465514401
"15-day step, low noise",1208,P001,graph,14,0.0010098601025016706
"15-day step, low noise",1208,P001,graph,15,-0.000309149414080053
"15-day step, low noise",1208,P001,graph,16,-0.031989666021687096
"15-day step, low noise",1208,P001,graph,17,-0.0027878741881177554
"15-day step, low noise",1208,P001,sequential,0,0.0
"15-day step, low noise",1208,P001,sequential,1,-0.05522025824247485
"15-day step, low noise",1208,P001,sequential,2,-0.01685914784999304
"15-day step, low noise",1208,P001,sequential,3,-0.08601549123806981
"15-day step, low noise",1208,P001,sequential,4,-0.13723258701029425
"15-day step, low noise",1208,P001,sequential,5,-0.060515965599314964
"15-day step, low noise",1208,P001,sequential,6,-0.11103048578412003
"15-day step, low noise",1208,P001,sequential,7,-0.06816042605951772
"15-day step, low noise",1208,P001,sequential,8,-0.14377175070424475
"15-day step, low noise",1208,P001,sequential,9,-0.06907186193269221
"15-day step, low noise",1208,P001,sequential,10,-0.06624279078581939
"15-day step, low noise",1208,P001,sequential,11,0.11149451410442639
"15-day step, low noise",1208,P001,sequential,12,0.06498879136014143
"15-day step, low noise",1208,P001,sequential,13,-0.19686287862776122
"15-day step, low noise",1208,P001,sequential,14,-0.11203281731487504
"15-day step, low noise",1208,P001,sequential,15,-0.11482349400658386
"15-day step, low noise",1208,P001,sequential,16,-0.14909059352412726
"15-day step, low noise",1208,P001,sequential,17,-0.1190712465346027
"15-day step, low noise",1208,P002,graph,0,-0.16344732404370255
"15-day step, low noise",1208,P002,graph,1,-0.2301562079048914
"15-day step, low noise",1208,P002,graph,2,-0.14244211640825363
"15-day step, low noise",1208,P002,graph,3,-0.2789403478237638
"15-day step, low noise",1208,P002,graph,4,-0.2904362711577489
"15-day step, low noise",1208,P002,graph,5,-0.2588414440812201
"15-day step, low noise",1208,P002,graph,6,-0.2653029430107325
"15-day step, low noise",1208,P002,graph,7,-0.249171978991114
"15-day step, low noise",1208,P002,graph,8,-0.25916969959919084
"15-day step, low noise",1208,P002,graph,9,-0.19406555691315214
"15-day step, low noise",1208,P002,graph,10,-0.19900847871972513
"15-day step, low noise",1208,P002,graph,11,0.0
"15-day step, low noise",1208,P002,graph,12,-0.059380142172482435
"15-day step, low noise",1208,P002,graph,13,-0.22335428332889196
"15-day step, low noise",1208,P002,graph,14,-0.2185617093000372
"15-day step, low noise",1208,P002,graph,15,-0.2481528241455102
"15-day step, low noise",1208,P002,graph,16,-0.24689255408238503
"15-day step, low noise",1208,P002,graph,17,-0.2790540666234669
"15-day step, low noise",1208,P002,sequential,0,0.0
"15-day step, low noise",1208,P002,sequential,1,-0.06447358262532428
"15-day step, low noise",1208,P002,sequential,2,0.024273277095942486
"15-day step, low noise",1208,P002,sequential,3,-0.10919372784384782
"15-day step, low noise",1208,P002,sequential,4,-0.12061292618726364
"15-day step, low noise",1208,P002,sequential,5,-0.09028101547078267
"15-day step, low noise",1208,P002,sequential,6,-0.10024565210283094
"15-day step, low noise",1208,P002,sequential,7,-0.08243426641897172
"15-day step, low noise",1208,P002,sequential,8,-0.0917370867258405
"15-day step, low noise",1208,P002,sequential,9,-0.028080950361661014
"15-day step, low noise",1208,P002,sequential,10,-0.03267392975471844
"15-day step, low noise",1208,P002,sequential,11,0.16747886381017174
"15-day step, low noise",1208,P002,sequential,12,0.1090168179320017
"15-day step, low noise",1208,P002,sequential,13,-0.05664800007476402
"15-day step, low noise",1208,P002,sequential,14,-0.05469985440169445
"15-day step, low noise",1208,P002,sequential,15,-0.07911119355505414
"15-day step, low noise",1208,P002,sequential,16,-0.07787012995755932
"15-day step, low noise",1208,P002,sequential,17,-0.10848126853883619
"15-day step, low noise",1209,P001,graph,0,0.13221557072435147
"15-day step, low noise",1209,P001,graph,1,0.170994927291191
"15-day step, low noise",1209,P001,graph,2,0.18286572191415298
"15-day step, low noise",1209,P001,graph,3,-0.030173846447090764
"15-day step, low noise",1209,P001,graph,4,-0.02893176289735465
"15-day step, low noise",1209,P001,graph,5,-0.022269290219502726
"15-day step, low noise",1209,P001,graph,6,0.0
"15-day step, low noise",1209,P001,graph,7,0.001170663004218559
"15-day step, low noise",1209,P001,graph,8,-0.0026271782315325253
"15-day step, low noise",1209,P001,graph,9,-0.08660032704531569
"15-day step, low noise",1209,P001,graph,10,-0.007720991008832702
"15-day step, low noise",1209,P001,graph,11,0.2621821470329725
"15-day step, low noise",1209,P001,graph,12,0.252327135906083
"15-day step, low noise",1209,P001,graph,13,0.14330255996251826
"15-day step, low noise",1209,P001,graph,14,0.13738006139382064
"15-day step, low noise",1209,P001,graph,15,0.11859008197826554
"15-day step, low noise",1209,P001,graph,16,0.09609862016117571
"15-day step, low noise",1209,P001,graph,17,0.17148724124608597
"15-day step, low noise",1209,P001,sequential,0,0.0
"15-day step, low noise",1209,P001,sequential,1,0.039467530619124745
"15-day step, low noise",1209,P001,sequential,2,0.05504584275997913
"15-day step, low noise",1209,P001,sequential,3,-0.1584660701522222
"15-day step, low noise",1209,P001,sequential,4,-0.1574121977079085
"15-day step, low noise",1209,P001,sequential,5,-0.15231976480425646
"15-day step, low noise",1209,P001,sequential,6,-0.13054350859452213
"15-day step, low noise",1209,P001,sequential,7,-0.13196205854888876
"15-day step, low noise",1209,P001,sequential,8,-0.13838017069084893
"15-day step, low noise",1209,P001,sequential,9,-0.22069223955748923
"15-day step, low noise",1209,P001,sequential,10,-0.14112400226482041
"15-day step, low noise",1209,P001,sequential,11,0.12952994570105747
"15-day step, low noise",1209,P001,sequential,12,0.11960832786310924
"15-day step, low noise",1209,P001,sequential,13,0.010130766244474954
"15-day step, low noise",1209,P001,sequential,14,0.0060083715853931656
"15-day step, low noise",1209,P001,sequential,15,-0.012168470659523891
"15-day step, low noise",1209,P001,sequential,16,-0.034306221789399724
"15-day step, low noise",1209,P001,sequential,17,0.04696768486764205
"15-day step, low noise",1209,P002,graph,0,-0.048494749188399494
"15-day step, low noise",1209,P002,graph,1,-0.04702539962273869
"15-day step, low noise",1209,P002,graph,2,-0.09420800172599751
"15-day step, low noise",1209,P002,graph,3,-0.21576749135377588
"15-day step, low noise",1209,P002,graph,4,-0.24267154759994766
"15-day step, low noise",1209,P002,graph,5,-0.19339882816187767
"15-day step, low noise",1209,P002,graph,6,-0.2682925126035591
"15-day step, low noise",1209,P002,graph,7,-0.23385013996857482
"15-day step, low noise",1209,P002,graph,8,-0.22484333599151396
"15-day step, low noise",1209,P002,graph,9,-0.22788540316193692
"15-day step, low noise",1209,P002,graph,10,-0.23057863763342046
"15-day step, low noise",1209,P002,graph,11,0.0
"15-day step, low noise",1209,P002,graph,12,-0.018418114070952736
"15-day step, low noise",1209,P002,graph,13,-0.09362387888915984
"15-day step, low noise",1209,P002,graph,14,-0.0445050989644919
"15-day step, low noise",1209,P002,graph,15,-0.039275123655644215
"15-day step, low noise",1209,P002,graph,16,-0.06220990272610558
"15-day step, low noise",1209,P002,graph,17,-0.07500064119820112
"15-day step, low noise",1209,P002,sequential,0,0.0
"15-day step, low noise",1209,P002,sequential,1,0.0015912331803726327
"15-day step, low noise",1209,P002,sequential,2,-0.047422336952517304
"15-day step, low noise",1209,P002,sequential,3,-0.16404179427540835
"15-day step, low noise",1209,P002,sequential,4,-0.19339062792715367
"15-day step, low noise",1209,P002,sequential,5,-0.1451499678634483
"15-day step, low noise",1209,P002,sequential,6,-0.22027541236695986
"15-day step, low noise",1209,P002,sequential,7,-0.18407986233555645
"15-day step, low noise",1209,P002,sequential,8,-0.17573457666865241
"15-day step, low noise",1209,P002,sequential,9,-0.1790239469611235
"15-day step, low noise",1209,P002,sequential,10,-0.1811387801485558
"15-day step, low noise",1209,P002,sequential,11,0.05127605732180518
"15-day step, low noise",1209,P002,sequential,12,0.032176034768749875
"15-day step, low noise",1209,P002,sequential,13,-0.04279546844137662
"15-day step, low noise",1209,P002,sequential,14,0.006770801609977006
"15-day step, low noise",1209,P002,sequential,15,0.010323097733289158
"15-day step, low noise",1209,P002,sequential,16,-0.013934536981122476
"15-day step, low noise",1209,P002,sequential,17,-0.03155165268340469
"15-day step, low noise",1210,P001,graph,0,0.0077453467092637295
"15-day step, low noise",1210,P001,graph,1,0.049972068074005324
"15-day step, low noise",1210,P001,graph,2,0.054121842493341454
"15-day step, low noise",1210,P001,graph,3,-0.0272269137002231
"15-day step, low noise",1210,P001,graph,4,-0.0460046438532335
"15-day step, low noise",1210,P001,graph,5,-0.0054987465425920925
"15-day step, low noise",1210,P001,graph,6,-0.03881863309739127
"15-day step, low noise",1210,P001,graph,7,0.0
"15-day step, low noise",1210,P001,graph,8,-0.0016485587467324919
"15-day step, low noise",1210,P001,graph,9,-0.07383816565531702
"15-day step, low noise",1210,P001,graph,10,-0.07440523633399619
"15-day step, low noise",1210,P001,graph,11,0.3400758669276762
"15-day step, low noise",1210,P001,graph,12,0.33170401353929724
"15-day step, low noise",1210,P001,graph,13,0.24569477231645007
"15-day step, low noise",1210,P001,graph,14,0.2639091955401374
"15-day step, low noise",1210,P001,graph,15,0.2507199304106061
"15-day step, low noise",1210,P001,graph,16,0.18252135701644007
"15-day step, low noise",1210,P001,graph,17,0.24148543835459313
"15-day step, low noise",1210,P001,sequential,0,0.0
"15-day step, low noise",1210,P001,sequential,1,0.04233134923196699
"15-day step, low noise",1210,P001,sequential,2,0.04402287845712667
"15-day step, low noise",1210,P001,sequential,3,-0.03809303501333694
"15-day step, low noise",1210,P001,sequential,4,-0.05978890014813208
"15-day step, low noise",1210,P001,sequential,5,-0.019455503122296464
"15-day step, low noise",1210,P001,sequential,6,-0.055976290255116176
"15-day step, low noise",1210,P001,sequential,7,-0.020889752454401368
"15-day step, low noise",1210,P001,sequential,8,-0.02180398409765007
"15-day step, low noise",1210,P001,sequential,9,-0.09440509958516549
"15-day step, low noise",1210,P001,sequential,10,-0.09632178434722748
"15-day step, low noise",1210,P001,sequential,11,0.31873029594265584
"15-day step, low noise",1210,P001,sequential,12,0.3093569921317443
"15-day step, low noise",1210,P001,sequential,13,0.22439714618934786
"15-day step, low noise",1210,P001,sequential,14,0.24494675249399334
"15-day step, low noise",1210,P001,sequential,15,0.2326036064938993
"15-day step, low noise",1210,P001,sequential,16,0.1651543092250107
"15-day step, low noise",1210,P001,sequential,17,0.2261507582670814
"15-day step, low noise",1210,P002,graph,0,0.08023129864971225
"15-day step, low noise",1210,P002,graph,1,0.13965575294849472
"15-day step, low noise",1210,P002,graph,2,0.021582711470572755
"15-day step, low noise",1210,P002,graph,3,0.02260784416249213
"15-day step, low noise",1210,P002,graph,4,-0.03343053587102309
"15-day step, low noise",1210,P002,graph,5,-0.029115764380472555
"15-day step, low noise",1210,P002,graph,6,0.0
"15-day step, low noise",1210,P002,graph,7,0.008080924216195566
"15-day step, low noise",1210,P002,graph,8,0.04829749563070226
"15-day step, low noise",1210,P002,graph,9,-0.009979576848354899
"15-day step, low noise",1210,P002,graph,10,0.04386187870863895
"15-day step, low noise",1210,P002,graph,11,0.3415174240832525
"15-day step, low noise",1210,P002,graph,12,0.36475606043781145
"15-day step, low noise",1210,P002,graph,13,0.2676815918765696
"15-day step, low noise",1210,P002,graph,14,0.2655326791862568
"15-day step, low noise",1210,P002,graph,15,0.27719154853557765
"15-day step, low noise",1210,P002,graph,16,0.27005984084174106
"15-day step, low noise",1210,P002,graph,17,0.29095373655782447
"15-day step, low noise",1210,P002,sequential,0,0.0
"15-day step, low noise",1210,P002,sequential,1,0.06032915143467978
"15-day step, low noise",1210,P002,sequential,2,-0.05922625247504388
"15-day step, low noise",1210,P002,sequential,3,-0.05945875173144031
"15-day step, low noise",1210,P002,sequential,4,-0.1160733883679732
"15-day step, low noise",1210,P002,sequential,5,-0.11045222674466874
"15-day step, low noise",1210,P002,sequential,6,-0.07887977948494672
"15-day step, low noise",1210,P002,sequential,7,-0.07185763274112396
"15-day step, low noise",1210,P002,sequential,8,-0.03131040908205346
"15-day step, low noise",1210,P002,sequential,9,-0.0885780829194859
"15-day step, low noise",1210,P002,sequential,10,-0.03413546816628501
"15-day step, low noise",1210,P002,sequential,11,0.2632105966338549
"15-day step, low noise",1210,P002,sequential,12,0.285193304151073
"15-day step, low noise",1210,P002,sequential,13,0.1880365243377805
"15-day step, low noise",1210,P002,sequential,14,0.18785630266307204
"15-day step, low noise",1210,P002,sequential,15,0.1994874713424998
"15-day step, low noise",1210,P002,sequential,16,0.1879148418316376
"15-day step, low noise",1210,P002,sequential,17,0.20991073649636469
"15-day step, low noise",1211,P001,graph,0,0.1067352422869809
"15-day step, low noise",1211,P001,graph,1,0.1525765015225447
"15-day step, low noise",1211,P001,graph,2,0.06908996399865171
"15-day step, low noise",1211,P001,graph,3,-0.06717617236394192
"15-day step, low noise",1211,P001,graph,4,-0.04976436047512178
"15-day step, low noise",1211,P001,graph,5,0.02964823957605987
"15-day step, low noise",1211,P001,graph,6,-0.02993048212677964
"15-day step, low noise",1211,P001,graph,7,0.0
"15-day step, low noise",1211,P001,graph,8,-0.04366813710693427
"15-day step, low noise",1211,P001,graph,9,-0.014034383422137281
"15-day step, low noise",1211,P001,graph,10,0.0020211787861879166
"15-day step, low noise",1211,P001,graph,11,0.2037378951203111
"15-day step, low noise",1211,P001,graph,12,0.19432460257112785
"15-day step, low noise",1211,P001,graph,13,0.05127072315718564
"15-day step, low noise",1211,P001,graph,14,0.0013916088040021933
"15-day step, low noise",1211,P001,graph,15,-0.015561002356986283
"15-day step, low noise",1211,P001,graph,16,0.002926376540691842
"15-day step, low noise",1211,P001,graph,17,0.02421115085238208
"15-day step, low noise",1211,P001,sequential,0,0.0
"15-day step, low noise",1211,P001,sequential,1,0.04797848368373731
"15-day step, low noise",1211,P001,sequential,2,-0.03560355798268087
"15-day step, low noise",1211,P001,sequential,3,-0.173411902925308
"15-day step, low noise",1211,P001,sequential,4,-0.15710450298639086
"15-day step, low noise",1211,P001,sequential,5,-0.07637910642914979
"15-day step, low noise",1211,P001,sequential,6,-0.13883321434736828
"15-day step, low noise",1211,P001,sequential,7,-0.10848995536280383
"15-day step, low noise",1211,P001,sequential,8,-0.15270727969760092
"15-day step, low noise",1211,P001,sequential,9,-0.12132859306223975
"15-day step, low noise",1211,P001,sequential,10,-0.10585947455519851
"15-day step, low noise",1211,P001,sequential,11,0.09396499666597796
"15-day step, low noise",1211,P001,sequential,12,0.08359224967817845
"15-day step, low noise",1211,P001,sequential,13,-0.058988768002108435
"15-day step, low noise",1211,P001,sequential,14,-0.10916745798190991
"15-day step, low noise",1211,P001,sequential,15,-0.12790144866857422
"15-day step, low noise",1211,P001,sequential,16,-0.10921082951816333
"15-day step, low noise",1211,P001,sequential,17,-0.08836905587534813
"15-day step, low noise",1211,P002,graph,0,-0.060652081067863205
"15-day step, low noise",1211,P002,graph,1,-0.06986968540042508
"15-day step, low noise",1211,P002,graph,2,-0.06933370858320534
"15-day step, low noise",1211,P002,graph,3,-0.19519120911310728
"15-day step, low noise",1211,P002,graph,4,-0.1878683068815185
"15-day step, low noise",1211,P002,graph,5,-0.2019868669888638
"15-day step, low noise",1211,P002,graph,6,-0.18751153946078092
"15-day step, low noise",1211,P002,graph,7,-0.2082992514237432
"15-day step, low noise",1211,P002,graph,8,-0.17190448132775482
"15-day step, low noise",1211,P002,graph,9,-0.12379953059839592
"15-day step, low noise",1211,P002,graph,10,-0.1608010503073148
"15-day step, low noise",1211,P002,graph,11,0.0
"15-day step, low noise",1211,P002,graph,12,0.021475178312001547
"15-day step, low noise",1211,P002,graph,13,-0.1489252362549277
"15-day step, low noise",1211,P002,graph,14,-0.12236318559933809
"15-day step, low noise",1211,P002,graph,15,-0.1333755450802085
"15-day step, low noise",1211,P002,graph,16,-0.1303728765787486
"15-day step, low noise",1211,P002,graph,17,-0.18481455608131647
"15-day step, low noise",1211,P002,sequential,0,0.0
"15-day step, low noise",1211,P002,sequential,1,-0.01251841867902662
"15-day step, low noise",1211,P002,sequential,2,-0.011882642053780784
"15-day step, low noise",1211,P002,sequential,3,-0.13973810283388885
"15-day step, low noise",1211,P002,sequential,4,-0.1316467818305111
"15-day step, low noise",1211,P002,sequential,5,-0.14576495219842192
"15-day step, low noise",1211,P002,sequential,6,-0.13204427686157583
"15-day step, low noise",1211,P002,sequential,7,-0.15165948076508406
"15-day step, low noise",1211,P002,sequential,8,-0.11721855557304195
"15-day step, low noise",1211,P002,sequential,9,-0.0707291907082574
"15-day step, low noise",1211,P002,sequential,10,-0.1071832332542134
"15-day step, low noise",1211,P002,sequential,11,0.054560475104729264
"15-day step, low noise",1211,P002,sequential,12,0.076238764838689
"15-day step, low noise",1211,P002,sequential,13,-0.09377213258887132
"15-day step, low noise",1211,P002,sequential,14,-0.0686058708107466
"15-day step, low noise",1211,P002,sequential,15,-0.07911608582434183
"15-day step, low noise",1211,P002,sequential,16,-0.07534590814100922
"15-day step, low noise",1211,P002,sequential,17,-0.132400537849607
"15-day step, low noise",1212,P001,graph,0,0.28236203319504727
"15-day step, low noise",1212,P001,graph,1,0.24406355112366004
"15-day step, low noise",1212,P001,graph,2,0.24548032685268178
"15-day step, low noise",1212,P001,graph,3,0.010618903153666929
"15-day step, low noise",1212,P001,graph,4,0.08584338314785045
"15-day step, low noise",1212,P001,graph,5,0.013531311267361434
"15-day step, low noise",1212,P001,graph,6,0.005812532269926416
"15-day step, low noise",1212,P001,graph,7,0.0
"15-day step, low noise",1212,P001,graph,8,0.043851823208150655
"15-day step, low noise",1212,P001,graph,9,-0.0023964264885577512
"15-day step, low noise",1212,P001,graph,10,-0.015246117227085618
"15-day step, low noise",1212,P001,graph,11,0.29051542413191384
"15-day step, low noise",1212,P001,graph,12,0.32359082226215913
"15-day step, low noise",1212,P001,graph,13,0.04687168783235979
"15-day step, low noise",1212,P001,graph,14,0.04221332934819215
"15-day step, low noise",1212,P001,graph,15,0.11701965166707624
"15-day step, low noise",1212,P001,graph,16,0.08271652763578068
"15-day step, low noise",1212,P001,graph,17,0.0760531679211726
"15-day step, low noise",1212,P001,sequential,0,0.0
"15-day step, low noise",1212,P001,sequential,1,-0.04077984581182069
"15-day step, low noise",1212,P001,sequential,2,-0.04067822465168761
"15-day step, low noise",1212,P001,sequential,3,-0.27374058249111327
"15-day step, low noise",1212,P001,sequential,4,-0.19639449169796747
"15-day step, low noise",1212,P001,sequential,5,-0.26962415633919934
"15-day step, low noise",1212,P001,sequential,6,-0.2790265235463222
"15-day step, low noise",1212,P001,sequential,7,-0.28837591236243737
"15-day step, low noise",1212,P001,sequential,8,-0.24534871304427408
"15-day step, low noise",1212,P001,sequential,9,-0.2919562786789231
"15-day step, low noise",1212,P001,sequential,10,-0.30746136171806976
"15-day step, low noise",1212,P001,sequential,11,0.0002819319274007248
"15-day step, low noise",1212,P001,sequential,12,0.03484748294017547
"15-day step, low noise",1212,P001,sequential,13,-0.2405988831133069
"15-day step, low noise",1212,P001,sequential,14,-0.24584665679634538
"15-day step, low noise",1212,P001,sequential,15,-0.17037769580611167
"15-day step, low noise",1212,P001,sequential,16,-0.2019955259843751
"15-day step, low noise",1212,P001,sequential,17,-0.20789954552939632
"15-day step, low noise",1212,P002,graph,0,0.2568675728150634
"15-day step, low noise",1212,P002,graph,1,0.2957550278853586
"15-day step, low noise",1212,P002,graph,2,0.23961349943085583
"15-day step, low noise",1212,P002,graph,3,0.006600399654110695
"15-day step, low noise",1212,P002,graph,4,0.05852452285843084
"15-day step, low noise",1212,P002,graph,5,-0.005415044092748394
"15-day step, low noise",1212,P002,graph,6,0.04498499130254626
"15-day step, low noise",1212,P002,graph,7,0.0
"15-day step, low noise",1212,P002,graph,8,0.02728869039720943
"15-day step, low noise",1212,P002,graph,9,0.02248767036013085
"15-day step, low noise",1212,P002,graph,10,0.020906513704266036
"15-day step, low noise",1212,P002,graph,11,0.2770919525264056
"15-day step, low noise",1212,P002,graph,12,0.3007875732800853
"15-day step, low noise",1212,P002,graph,13,0.10256783389468052
"15-day step, low noise",1212,P002,graph,14,0.05500774642904409
"15-day step, low noise",1212,P002,graph,15,0.10458789267494008
"15-day step, low noise",1212,P002,graph,16,0.10138320274665469
"15-day step, low noise",1212,P002,graph,17,0.06430311914925932
"15-day step, low noise",1212,P002,sequential,0,0.0
"15-day step, low noise",1212,P002,sequential,1,0.03932532851340002
"15-day step, low noise",1212,P002,sequential,2,-0.01698025115267368
"15-day step, low noise",1212,P002,sequential,3,-0.24593836985977802
"15-day step, low noise",1212,P002,sequential,4,-0.1934157368832881
"15-day step, low noise",1212,P002,sequential,5,-0.25998516473673167
"15-day step, low noise",1212,P002,sequential,6,-0.21051411934237413
"15-day step, low noise",1212,P002,sequential,7,-0.2586145115599822
"15-day step, low noise",1212,P002,sequential,8,-0.23160136030233697
"15-day step, low noise",1212,P002,sequential,9,-0.23315110186148127
"15-day step, low noise",1212,P002,sequential,10,-0.23748309359371036
"15-day step, low noise",1212,P002,sequential,11,0.01910155052246157
"15-day step, low noise",1212,P002,sequential,12,0.044403128861190154
"15-day step, low noise",1212,P002,sequential,13,-0.1522666809829804
"15-day step, low noise",1212,P002,sequential,14,-0.19893111293932542
"15-day step, low noise",1212,P002,sequential,15,-0.14806491173510508
"15-day step, low noise",1212,P002,sequential,16,-0.14951647906144153
"15-day step, low noise",1212,P002,sequential,17,-0.18851128152680882
"15-day step, low noise",1213,P001,graph,0,0.10879480596547218
"15-day step, low noise",1213,P001,graph,1,0.09384881726988398
"15-day step, low noise",1213,P001,graph,2,0.08634864490999407
"15-day step, low noise",1213,P001,graph,3,0.0200066813068636
"15-day step, low noise",1213,P001,graph,4,0.04360487796627709
"15-day step, low noise",1213,P001,graph,5,0.025640557685397837
"15-day step, low noise",1213,P001,graph,6,-0.00567029965300832
"15-day step, low noise",1213,P001,graph,7,0.028787727378108967
"15-day step, low noise",1213,P001,graph,8,0.0
"15-day step, low noise",1213,P001,graph,9,0.09115611638815038
"15-day step, low noise",1213,P001,graph,10,0.01286353839495702
"15-day step, low noise",1213,P001,graph,11,0.3141896274102149
"15-day step, low noise",1213,P001,graph,12,0.30689683331557693
"15-day step, low noise",1213,P001,graph,13,-0.09155752631293511
"15-day step, low noise",1213,P001,graph,14,-0.03300982348415371
"15-day step, low noise",1213,P001,graph,15,-0.033885109440327875
"15-day step, low noise",1213,P001,graph,16,-0.05937115884364153
"15-day step, low noise",1213,P001,graph,17,-0.0451825866716698
"15-day step, low noise",1213,P001,sequential,0,0.0
"15-day step, low noise",1213,P001,sequential,1,-0.016583167268612843
"15-day step, low noise",1213,P001,sequential,2,-0.026800606011272727
"15-day step, low noise",1213,P001,sequential,3,-0.09654052955162346
"15-day step, low noise",1213,P001,sequential,4,-0.07531631207647382
"15-day step, low noise",1213,P001,sequential,5,-0.09228745288596686
"15-day step, low noise",1213,P001,sequential,6,-0.12146615459709026
"15-day step, low noise",1213,P001,sequential,7,-0.08688986336195781
"15-day step, low noise",1213,P001,sequential,8,-0.11298328974610651
"15-day step, low noise",1213,P001,sequential,9,-0.019440079277779035
"15-day step, low noise",1213,P001,sequential,10,-0.09917440269316531
"15-day step, low noise",1213,P001,sequential,11,0.19892908474790783
"15-day step, low noise",1213,P001,sequential,12,0.1910877650383575
"15-day step, low noise",1213,P001,sequential,13,-0.2071953364608798
"15-day step, low noise",1213,P001,sequential,14,-0.1510511706060954
"15-day step, low noise",1213,P001,sequential,15,-0.15241318569477652
"15-day step, low noise",1213,P001,sequential,16,-0.17382396745772427
"15-day step, low noise",1213,P001,sequential,17,-0.15888188286755975
"15-day step, low noise",1213,P002,graph,0,0.04249878882392894
"15-day step, low noise",1213,P002,graph,1,-0.023393737292519777
"15-day step, low noise",1213,P002,graph,2,0.07502597607544777
"15-day step, low noise",1213,P002,graph,3,-0.027157049651635158
"15-day step, low noise",1213,P002,graph,4,-0.05331999339817466
"15-day step, low noise",1213,P002,graph,5,0.015576772870646719
"15-day step, low noise",1213,P002,graph,6,-0.02303541253967322
"15-day step, low noise",1213,P002,graph,7,-0.005303410577516481
"15-day step, low noise",1213,P002,graph,8,-0.02545639330019504
"15-day step, low noise",1213,P002,graph,9,0.0
"15-day step, low noise",1213,P002,graph,10,-0.016829478424169545
"15-day step, low noise",1213,P002,graph,11,0.2687175721177456
"15-day step, low noise",1213,P002,graph,12,0.2595195542984302
"15-day step, low noise",1213,P002,graph,13,-0.09660316261414541
"15-day step, low noise",1213,P002,graph,14,-0.05540839334046425
"15-day step, low noise",1213,P002,graph,15,-0.049290586084360447
"15-day step, low noise",1213,P002,graph,16,-0.06280947605837191
"15-day step, low noise",1213,P002,graph,17,-0.048164723986447035
"15-day step, low noise",1213,P002,sequential,0,0.0
"15-day step, low noise",1213,P002,sequential,1,-0.06600676402992066
"15-day step, low noise",1213,P002,sequential,2,0.031093539250548863
"15-day step, low noise",1213,P002,sequential,3,-0.07341767876338695
"15-day step, low noise",1213,P002,sequential,4,-0.09798357491711152
"15-day step, low noise",1213,P002,sequential,5,-0.0275802113244816
"15-day step, low noise",1213,P002,sequential,6,-0.06553227884456625
"15-day step, low noise",1213,P002,sequential,7,-0.046366351025008065
"15-day step, low noise",1213,P002,sequential,8,-0.06750011304548516
"15-day step, low noise",1213,P002,sequential,9,-0.04020265035183968
"15-day step, low noise",1213,P002,sequential,10,-0.05324284835679666
"15-day step, low noise",1213,P002,sequential,11,0.23157048830517268
"15-day step, low noise",1213,P002,sequential,12,0.22026180357384753
"15-day step, low noise",1213,P002,sequential,13,-0.13472721133568913
"15-day step, low noise",1213,P002,sequential,14,-0.09426388002802957
"15-day step, low noise",1213,P002,sequential,15,-0.0870512577249629
"15-day step, low noise",1213,P002,sequential,16,-0.09791956107034858
"15-day step, low noise",1213,P002,sequential,17,-0.08290376586597736
"15-day step, low noise",1214,P001,graph,0,0.21274530255109475
"15-day step, low noise",1214,P001,graph,1,0.1542677720269217
"15-day step, low noise",1214,P001,graph,2,0.18185251487290008
"15-day step, low noise",1214,P001,graph,3,0.0003388448196809871
"15-day step, low noise",1214,P001,graph,4,-0.02934028252850028
"15-day step, low noise",1214,P001,graph,5,0.012913840554858147
"15-day step, low noise",1214,P001,graph,6,0.0
"15-day step, low noise",1214,P001,graph,7,-0.01416736713998239
"15-day step, low noise",1214,P001,graph,8,0.025452792376624483
"15-day step, low noise",1214,P001,graph,9,-0.0027646943589653755
"15-day step, low noise",1214,P001,graph,10,0.004217065815584766
"15-day step, low noise",1214,P001,graph,11,0.4131658803267003
"15-day step, low noise",1214,P001,graph,12,0.4076484435323296
"15-day step, low noise",1214,P001,graph,13,0.05244350695336058
"15-day step, low noise",1214,P001,graph,14,0.017953930449087815
"15-day step, low noise",1214,P001,graph,15,0.07481150191466193
"15-day step, low noise",1214,P001,graph,16,0.08597812757689675
"15-day step, low noise",1214,P001,graph,17,0.01646717902699618
"15-day step, low noise",1214,P001,sequential,0,0.0
"15-day step, low noise",1214,P001,sequential,1,-0.0627574940529346
"15-day step, low noise",1214,P001,sequential,2,-0.037362149136800624
"15-day step, low noise",1214,P001,sequential,3,-0.2175773382265236
"15-day step, low noise",1214,P001,sequential,4,-0.24886578858105005
"15-day step, low noise",1214,P001,sequential,5,-0.2046698807402098
"15-day step, low noise",1214,P001,sequential,6,-0.21779903443524376
"15-day step, low noise",1214,P001,sequential,7,-0.2306477100643411
"15-day step, low noise",1214,P001,sequential,8,-0.18925985583999194
"15-day step, low noise",1214,P001,sequential,9,-0.21587523150527177
"15-day step, low noise",1214,P001,sequential,10,-0.21053277568804538
"15-day step, low noise",1214,P001,sequential,11,0.19741017385045154
"15-day step, low noise",1214,P001,sequential,12,0.1912819180528446
"15-day step, low noise",1214,P001,sequential,13,-0.16315263586171702
"15-day step, low noise",1214,P001,sequential,14,-0.19666307164032393
"15-day step, low noise",1214,P001,sequential,15,-0.14329649615436985
"15-day step, low noise",1214,P001,sequential,16,-0.13278333707048517
"15-day step, low noise",1214,P001,sequential,17,-0.2028753225469459
"15-day step, low noise",1214,P002,graph,0,0.147195796772882
"15-day step, low noise",1214,P002,graph,1,0.1558050782695362
"15-day step, low noise",1214,P002,graph,2,0.1969198676075706
"15-day step, low noise",1214,P002,graph,3,0.02869122155271832
"15-day step, low noise",1214,P002,graph,4,-0.02779006139456034
"15-day step, low noise",1214,P002,graph,5,-0.03790731368878624
"15-day step, low noise",1214,P002,graph,6,0.011844913723047391
"15-day step, low noise",1214,P002,graph,7,0.014192244810062505
"15-day step, low noise",1214,P002,graph,8,0.02422705711865524
"15-day step, low noise",1214,P002,graph,9,0.0
"15-day step, low noise",1214,P002,graph,10,-0.01046302234576318
"15-day step, low noise",1214,P002,graph,11,0.39097430919971554
"15-day step, low noise",1214,P002,graph,12,0.34936247710683305
"15-day step, low noise",1214,P002,graph,13,-0.0011840411910315413
"15-day step, low noise",1214,P002,graph,14,0.03526527322680477
"15-day step, low noise",1214,P002,graph,15,0.002562107446622367
"15-day step, low noise",1214,P002,graph,16,-0.027376115223867865
"15-day step, low noise",1214,P002,graph,17,-0.010735418043098065
"15-day step, low noise",1214,P002,sequential,0,0.0
"15-day step, low noise",1214,P002,sequential,1,0.011008659426580867
"15-day step, low noise",1214,P002,sequential,2,0.05043525635881618
"15-day step, low noise",1214,P002,sequential,3,-0.11945447618547689
"15-day step, low noise",1214,P002,sequential,4,-0.17558733398539267
"15-day step, low noise",1214,P002,sequential,5,-0.18996605848935452
"15-day step, low noise",1214,P002,sequential,6,-0.14134095958116266
"15-day step, low noise",1214,P002,sequential,7,-0.1381839584555437
"15-day step, low noise",1214,P002,sequential,8,-0.1274424738765957
"15-day step, low noise",1214,P002,sequential,9,-0.14957043547402582
"15-day step, low noise",1214,P002,sequential,10,-0.1608053290127358
"15-day step, low noise",1214,P002,sequential,11,0.2391605034838052
"15-day step, low noise",1214,P002,sequential,12,0.19791950954874699
"15-day step, low noise",1214,P002,sequential,13,-0.15067028169419955
"15-day step, low noise",1214,P002,sequential,14,-0.11468609356705539
"15-day step, low noise",1214,P002,sequential,15,-0.14877124430260757
"15-day step, low noise",1214,P002,sequential,16,-0.18161486067696922
"15-day step, low noise",1214,P002,sequential,17,-0.16188551164182802
"15-day step, low noise",1215,P001,graph,0,0.07881424336004593
"15-day step, low noise",1215,P001,graph,1,-0.0006867948219045955
"15-day step, low noise",1215,P001,graph,2,0.0017123169547753308
"15-day step, low noise",1215,P001,graph,3,-0.03756311957920423
"15-day step, low noise",1215,P001,graph,4,-0.03470485073462118
"15-day step, low noise",1215,P001,graph,5,-0.02009257292005273
"15-day step, low noise",1215,P001,graph,6,0.0
"15-day step, low noise",1215,P001,graph,7,0.016462073744515915
"15-day step, low noise",1215,P001,graph,8,0.09783423983827592
"15-day step, low noise",1215,P001,graph,9,0.05815175544773951
"15-day step, low noise",1215,P001,graph,10,0.08816383517745364
"15-day step, low noise",1215,P001,graph,11,0.1877503373988423
"15-day step, low noise",1215,P001,graph,12,0.20758341247965678
"15-day step, low noise",1215,P001,graph,13,0.05452700221386145
"15-day step, low noise",1215,P001,graph,14,0.039134163245879774
"15-day step, low noise",1215,P001,graph,15,0.0005825617299998346
"15-day step, low noise",1215,P001,graph,16,0.08085026786052847
"15-day step, low noise",1215,P001,graph,17,-0.029229789637342105
"15-day step, low noise",1215,P001,sequential,0,0.0
"15-day step, low noise",1215,P001,sequential,1,-0.08287051069999159
"15-day step, low noise",1215,P001,sequential,2,-0.08188039701273911
"15-day step, low noise",1215,P001,sequential,3,-0.12203159412824258
"15-day step, low noise",1215,P001,sequential,4,-0.11904766434620127
"15-day step, low noise",1215,P001,sequential,5,-0.10676757971261804
"15-day step, low noise",1215,P001,sequential,6,-0.08706253120077358
"15-day step, low noise",1215,P001,sequential,7,-0.068991908468363
"15-day step, low noise",1215,P001,sequential,8,0.010899733806548628
"15-day step, low noise",1215,P001,sequential,9,-0.027063409888876594
"15-day step, low noise",1215,P001,sequential,10,0.0027389355190823132
"15-day step, low noise",1215,P001,sequential,11,0.10395979064912834
"15-day step, low noise",1215,P001,sequential,12,0.12352032252264461
"15-day step, low noise",1215,P001,sequential,13,-0.03056306807890022
"15-day step, low noise",1215,P001,sequential,14,-0.04541165987850817
"15-day step, low noise",1215,P001,sequential,15,-0.0821486577782358
"15-day step, low noise",1215,P001,sequential,16,-0.005379285696216846
"15-day step, low noise",1215,P001,sequential,17,-0.11526543961299265
"15-day step, low noise",1215,P002,graph,0,-0.032337016660592126
"15-day step, low noise",1215,P002,graph,1,-0.14394670645494062
"15-day step, low noise",1215,P002,graph,2,-0.05447386553584408
"15-day step, low noise",1215,P002,graph,3,-0.028681812838706047
"15-day step, low noise",1215,P002,graph,4,-0.0793754183703645
"15-day step, low noise",1215,P002,graph,5,-0.107762593172241
"15-day step, low noise",1215,P002,graph,6,-0.05599831617205794
"15-day step, low noise",1215,P002,graph,7,-0.05438821484846223
"15-day step, low noise",1215,P002,graph,8,0.02075769099476841
"15-day step, low noise",1215,P002,graph,9,0.0
"15-day step, low noise",1215,P002,graph,10,0.03700478279325135
"15-day step, low noise",1215,P002,graph,11,0.14867248291046312
"15-day step, low noise",1215,P002,graph,12,0.10936198238146429
"15-day step, low noise",1215,P002,graph,13,-0.029773941180562633
"15-day step, low noise",1215,P002,graph,14,-0.011156806091007299
"15-day step, low noise",1215,P002,graph,15,-0.0034092733292274556
"15-day step, low noise",1215,P002,graph,16,-0.028586073029168817
"15-day step, low noise",1215,P002,graph,17,-0.00991487226256391
"15-day step, low noise",1215,P002,sequential,0,0.0
"15-day step, low noise",1215,P002,sequential,1,-0.10916535585978024
"15-day step, low noise",1215,P002,sequential,2,-0.018898333631668
"15-day step, low noise",1215,P002,sequential,3,0.005670805117237134
"15-day step, low noise",1215,P002,sequential,4,-0.04612210780563129
"15-day step, low noise",1215,P002,sequential,5,-0.07834965537995944
"15-day step, low noise",1215,P002,sequential,6,-0.02628676885471167
"15-day step, low noise",1215,P002,sequential,7,-0.023801042365464296
"15-day step, low noise",1215,P002,sequential,8,0.050422983727987744
"15-day step, low noise",1215,P002,sequential,9,0.030594324035646325
"15-day step, low noise",1215,P002,sequential,10,0.06531054823359317
"15-day step, low noise",1215,P002,sequential,11,0.17692412016543074
"15-day step, low noise",1215,P002,sequential,12,0.1347253802907442
"15-day step, low noise",1215,P002,sequential,13,-0.00486850212173548
"15-day step, low noise",1215,P002,sequential,14,0.016275003794344912
"15-day step, low noise",1215,P002,sequential,15,0.023982062727709717
"15-day step, low noise",1215,P002,sequential,16,0.002387067303734461
"15-day step, low noise",1215,P002,sequential,17,0.02368752810163247
"15-day step, low noise",1216,P001,graph,0,0.07764587838635946
"15-day step, low noise",1216,P001,graph,1,0.11997942487556462
"15-day step, low noise",1216,P001,graph,2,0.1256844267589913
"15-day step, low noise",1216,P001,graph,3,-0.010812049635718286
"15-day step, low noise",1216,P001,graph,4,-0.037910196176450216
"15-day step, low noise",1216,P001,graph,5,-0.04063487635016789
"15-day step, low noise",1216,P001,graph,6,-0.04746527748162057
"15-day step, low noise",1216,P001,graph,7,-0.06992855533288334
"15-day step, low noise",1216,P001,graph,8,-0.035809364005424484
"15-day step, low noise",1216,P001,graph,9,-0.07322812202268573
"15-day step, low noise",1216,P001,graph,10,-0.035790848315151
"15-day step, low noise",1216,P001,graph,11,0.07818518258178864
"15-day step, low noise",1216,P001,graph,12,0.11032848284513787
"15-day step, low noise",1216,P001,graph,13,0.04616372578710251
"15-day step, low noise",1216,P001,graph,14,0.01093515147858019
"15-day step, low noise",1216,P001,graph,15,0.0
"15-day step, low noise",1216,P001,graph,16,0.016356320336352124
"15-day step, low noise",1216,P001,graph,17,0.053622056307483915
"15-day step, low noise",1216,P001,sequential,0,0.0
"15-day step, low noise",1216,P001,sequential,1,0.03880361946623698
"15-day step, low noise",1216,P001,sequential,2,0.04502793536445858
"15-day step, low noise",1216,P001,sequential,3,-0.08994236863703468
"15-day step, low noise",1216,P001,sequential,4,-0.11837858793376341
"15-day step, low noise",1216,P001,sequential,5,-0.12065200813344022
"15-day step, low noise",1216,P001,sequential,6,-0.1302747488906316
"15-day step, low noise",1216,P001,sequential,7,-0.15291223690658984
"15-day step, low noise",1216,P001,sequential,8,-0.1170397308741888
"15-day step, low noise",1216,P001,sequential,9,-0.15381142072218468
"15-day step, low noise",1216,P001,sequential,10,-0.11721559336033782
"15-day step, low noise",1216,P001,sequential,11,-0.0067598430787708524
"15-day step, low noise",1216,P001,sequential,12,0.02463592116464499
"15-day step, low noise",1216,P001,sequential,13,-0.03681491474793623
"15-day step, low noise",1216,P001,sequential,14,-0.07189811094783066
"15-day step, low noise",1216,P001,sequential,15,-0.08225774413886264
"15-day step, low noise",1216,P001,sequential,16,-0.06561081930235341
"15-day step, low noise",1216,P001,sequential,17,-0.026958971731628728
"15-day step, low noise",1216,P002,graph,0,0.13635221923480995
"15-day step, low noise",1216,P002,graph,1,0.17327608135800165
"15-day step, low noise",1216,P002,graph,2,0.11074750046731204
"15-day step, low noise",1216,P002,graph,3,-0.04991192587707033
"15-day step, low noise",1216,P002,graph,4,-0.061715885552479824
"15-day step, low noise",1216,P002,graph,5,-0.05165569365545359
"15-day step, low noise",1216,P002,graph,6,-0.016577497150975166
"15-day step, low noise",1216,P002,graph,7,0.022160763816302994
"15-day step, low noise",1216,P002,graph,8,-0.07652964763040224
"15-day step, low noise",1216,P002,graph,9,0.0003837222842490897
"15-day step, low noise",1216,P002,graph,10,-0.07864118518972478
"15-day step, low noise",1216,P002,graph,11,0.07584030319537136
"15-day step, low noise",1216,P002,graph,12,0.04681077996124303
"15-day step, low noise",1216,P002,graph,13,0.0
"15-day step, low noise",1216,P002,graph,14,0.013782607417370774
"15-day step, low noise",1216,P002,graph,15,0.05867053363054575
"15-day step, low noise",1216,P002,graph,16,0.025671222106542067
"15-day step, low noise",1216,P002,graph,17,0.04541118025246209
"15-day step, low noise",1216,P002,sequential,0,0.0
"15-day step, low noise",1216,P002,sequential,1,0.035948832553819726
"15-day step, low noise",1216,P002,sequential,2,-0.023628377589320425
"15-day step, low noise",1216,P002,sequential,3,-0.18655617001164904
"15-day step, low noise",1216,P002,sequential,4,-0.1989742330533272
"15-day step, low noise",1216,P002,sequential,5,-0.18730854025833737
"15-day step, low noise",1216,P002,sequential,6,-0.15470307000388095
"15-day step, low noise",1216,P002,sequential,7,-0.11663365704138418
"15-day step, low noise",1216,P002,sequential,8,-0.21672657729307407
"15-day step, low noise",1216,P002,sequential,9,-0.1404917131022023
"15-day step, low noise",1216,P002,sequential,10,-0.21881510613651803
"15-day step, low noise",1216,P002,sequential,11,-0.06289452557134514
"15-day step, low noise",1216,P002,sequential,12,-0.08833193102704211
"15-day step, low noise",1216,P002,sequential,13,-0.13326967981156032
"15-day step, low noise",1216,P002,sequential,14,-0.11915758927462221
"15-day step, low noise",1216,P002,sequential,15,-0.07150378229587412
"15-day step, low noise",1216,P002,sequential,16,-0.10265618173888631
"15-day step, low noise",1216,P002,sequential,17,-0.08455122562229259
"15-day step, low noise",1217,P001,graph,0,-0.016013447366124915
"15-day step, low noise",1217,P001,graph,1,-0.004818291289577542
"15-day step, low noise",1217,P001,graph,2,-0.04361739556757706
"15-day step, low noise",1217,P001,graph,3,-0.08045614984887169
"15-day step, low noise",1217,P001,graph,4,-0.06110142412344458
"15-day step, low noise",1217,P001,graph,5,-0.057753406566332675
"15-day step, low noise",1217,P001,graph,6,-0.08286654810750799
"15-day step, low noise",1217,P001,graph,7,-0.05462677792493021
"15-day step, low noise",1217,P001,graph,8,-0.09995548579867788
"15-day step, low noise",1217,P001,graph,9,-0.12501937207826777
"15-day step, low noise",1217,P001,graph,10,-0.04368740704869181
"15-day step, low noise",1217,P001,graph,11,0.07518784560453834
"15-day step, low noise",1217,P001,graph,12,0.08194056001371626
"15-day step, low noise",1217,P001,graph,13,0.0
"15-day step, low noise",1217,P001,graph,14,0.000809646095498939
"15-day step, low noise",1217,P001,graph,15,-0.03271084634879431
"15-day step, low noise",1217,P001,graph,16,0.016374965787716307
"15-day step, low noise",1217,P001,graph,17,0.00418069718285205
"15-day step, low noise",1217,P001,sequential,0,0.0
"15-day step, low noise",1217,P001,sequential,1,0.00951386893857462
"15-day step, low noise",1217,P001,sequential,2,-0.025693257773545454
"15-day step, low noise",1217,P001,sequential,3,-0.06216972554914595
"15-day step, low noise",1217,P001,sequential,4,-0.041635954613350956
"15-day step, low noise",1217,P001,sequential,5,-0.03704246706142027
"15-day step, low noise",1217,P001,sequential,6,-0.06135645013126993
"15-day step, low noise",1217,P001,sequential,7,-0.03485852271820028
"15-day step, low noise",1217,P001,sequential,8,-0.08114299489404687
"15-day step, low noise",1217,P001,sequential,9,-0.10675801292204595
"15-day step, low noise",1217,P001,sequential,10,-0.02200428789669591
"15-day step, low noise",1217,P001,sequential,11,0.09812949596663272
"15-day step, low noise",1217,P001,sequential,12,0.10368971038312197
"15-day step, low noise",1217,P001,sequential,13,0.02185375468295915
"15-day step, low noise",1217,P001,sequential,14,0.021320032759234234
"15-day step, low noise",1217,P001,sequential,15,-0.010971994903231953
"15-day step, low noise",1217,P001,sequential,16,0.03462901043727772
"15-day step, low noise",1217,P001,sequential,17,0.023246679284788147
"15-day step, low noise",1217,P002,graph,0,0.036938866736629154
"15-day step, low noise",1217,P002,graph,1,0.06937659851871317
"15-day step, low noise",1217,P002,graph,2,0.14074154731500338
"15-day step, low noise",1217,P002,graph,3,0.0
"15-day step, low noise",1217,P002,graph,4,0.0595002586281457
"15-day step, low noise",1217,P002,graph,5,0.007414330947471157
"15-day step, low noise",1217,P002,graph,6,0.03738829284143525
"15-day step, low noise",1217,P002,graph,7,0.022209380434300357
"15-day step, low noise",1217,P002,graph,8,0.05562388988021556
"15-day step, low noise",1217,P002,graph,9,0.026708712375891744
"15-day step, low noise",1217,P002,graph,10,0.06428461309636156
"15-day step, low noise",1217,P002,graph,11,0.19270753869523505
"15-day step, low noise",1217,P002,graph,12,0.2496300277849337
"15-day step, low noise",1217,P002,graph,13,0.1368016499882242
"15-day step, low noise",1217,P002,graph,14,0.14372452088966853
"15-day step, low noise",1217,P002,graph,15,0.15138948015137652
"15-day step, low noise",1217,P002,graph,16,0.13980979974579524
"15-day step, low noise",1217,P002,graph,17,0.1527291197028451
"15-day step, low noise",1217,P002,sequential,0,0.0
"15-day step, low noise",1217,P002,sequential,1,0.02954372687856872
"15-day step, low noise",1217,P002,sequential,2,0.09719926285233595
"15-day step, low noise",1217,P002,sequential,3,-0.04226767768872362
"15-day step, low noise",1217,P002,sequential,4,0.01739762090582027
"15-day step, low noise",1217,P002,sequential,5,-0.03383045904857547
"15-day step, low noise",1217,P002,sequential,6,-0.005645661531142057
"15-day step, low noise",1217,P002,sequential,7,-0.018605732518998292
"15-day step, low noise",1217,P002,sequential,8,0.016589456612095706
"15-day step, low noise",1217,P002,sequential,9,-0.011778148147031948
"15-day step, low noise",1217,P002,sequential,10,0.024465946988091177
"15-day step, low noise",1217,P002,sequential,11,0.15637864913290594
"15-day step, low noise",1217,P002,sequential,12,0.21435409248588405
"15-day step, low noise",1217,P002,sequential,13,0.10123044929417628
"15-day step, low noise",1217,P002,sequential,14,0.10793788979286287
"15-day step, low noise",1217,P002,sequential,15,0.11611899919465805
"15-day step, low noise",1217,P002,sequential,16,0.10618231685908745
"15-day step, low noise",1217,P002,sequential,17,0.12154917193636641
"15-day step, low noise",1218,P001,graph,0,0.14186034055369995
"15-day step, low noise",1218,P001,graph,1,0.09374691194788426
"15-day step, low noise",1218,P001,graph,2,0.15068093763669071
"15-day step, low noise",1218,P001,graph,3,-0.07094873298173095
"15-day step, low noise",1218,P001,graph,4,-0.015607376293146888
"15-day step, low noise",1218,P001,graph,5,-0.035775133564177844
"15-day step, low noise",1218,P001,graph,6,-0.049405417080016875
"15-day step, low noise",1218,P001,graph,7,-0.09774320419825877
"15-day step, low noise",1218,P001,graph,8,-0.024937323936831308
"15-day step, low noise",1218,P001,graph,9,-0.09963339866090572
"15-day step, low noise",1218,P001,graph,10,-0.07071505962315497
"15-day step, low noise",1218,P001,graph,11,0.24658594144231155
"15-day step, low noise",1218,P001,graph,12,0.31646277238206205
"15-day step, low noise",1218,P001,graph,13,0.0
"15-day step, low noise",1218,P001,graph,14,-0.008222353795434057
"15-day step, low noise",1218,P001,graph,15,-0.03405395277860192
"15-day step, low noise",1218,P001,graph,16,0.005641070833113072
"15-day step, low noise",1218,P001,graph,17,-0.013339131110284995
"15-day step, low noise",1218,P001,sequential,0,0.0
"15-day step, low noise",1218,P001,sequential,1,-0.0452427118083422
"15-day step, low noise",1218,P001,sequential,2,0.009238177563146634
"15-day step, low noise",1218,P001,sequential,3,-0.21226920046727607
"15-day step, low noise",1218,P001,sequential,4,-0.15905748834252173
"15-day step, low noise",1218,P001,sequential,5,-0.1794783954862457
"15-day step, low noise",1218,P001,sequential,6,-0.1956747941336831
"15-day step, low noise",1218,P001,sequential,7,-0.24275706014689458
"15-day step, low noise",1218,P001,sequential,8,-0.16777947941789198
"15-day step, low noise",1218,P001,sequential,9,-0.24048771860839385
"15-day step, low noise",1218,P001,sequential,10,-0.21290093751055736
"15-day step, low noise",1218,P001,sequential,11,0.10307683457681985
"15-day step, low noise",1218,P001,sequential,12,0.17134683171034776
"15-day step, low noise",1218,P001,sequential,13,-0.14583610933499264
"15-day step, low noise",1218,P001,sequential,14,-0.1528488482610821
"15-day step, low noise",1218,P001,sequential,15,-0.1801856325787945
"15-day step, low noise",1218,P001,sequential,16,-0.13980923797569883
"15-day step, low noise",1218,P001,sequential,17,-0.15656398758448326
"15-day step, low noise",1218,P002,graph,0,-0.2078671726163694
"15-day step, low noise",1218,P002,graph,1,-0.20754286826068166
"15-day step, low noise",1218,P002,graph,2,-0.2263964139787431
"15-day step, low noise",1218,P002,graph,3,-0.3820507145223193
"15-day step, low noise",1218,P002,graph,4,-0.3809238712601776
"15-day step, low noise",1218,P002,graph,5,-0.40592324953105624
"15-day step, low noise",1218,P002,graph,6,-0.3766928881879233
"15-day step, low noise",1218,P002,graph,7,-0.29392563004500755
"15-day step, low noise",1218,P002,graph,8,-0.3428168631780145
"15-day step, low noise",1218,P002,graph,9,-0.32433685523902145
"15-day step, low noise",1218,P002,graph,10,-0.4000572881948598
"15-day step, low noise",1218,P002,graph,11,0.0
"15-day step, low noise",1218,P002,graph,12,0.022532575934992614
"15-day step, low noise",1218,P002,graph,13,-0.3080645998384
"15-day step, low noise",1218,P002,graph,14,-0.29295758353220935
"15-day step, low noise",1218,P002,graph,15,-0.3198335860465372
"15-day step, low noise",1218,P002,graph,16,-0.3522197626359787
"15-day step, low noise",1218,P002,graph,17,-0.2948584035174297
"15-day step, low noise",1218,P002,sequential,0,0.0
"15-day step, low noise",1218,P002,sequential,1,-0.00097958197676607
"15-day step, low noise",1218,P002,sequential,2,-0.019899654754464157
"15-day step, low noise",1218,P002,sequential,3,-0.17556679966067953
"15-day step, low noise",1218,P002,sequential,4,-0.17297345837616407
"15-day step, low noise",1218,P002,sequential,5,-0.1933526555606529
"15-day step, low noise",1218,P002,sequential,6,-0.16509565365141457
"15-day step, low noise",1218,P002,sequential,7,-0.08146726622646674
"15-day step, low noise",1218,P002,sequential,8,-0.12962794805848324
"15-day step, low noise",1218,P002,sequential,9,-0.11114206093598296
"15-day step, low noise",1218,P002,sequential,10,-0.18707338054545497
"15-day step, low noise",1218,P002,sequential,11,0.21381348303144332
"15-day step, low noise",1218,P002,sequential,12,0.23376198754532618
"15-day step, low noise",1218,P002,sequential,13,-0.09595307872430442
"15-day step, low noise",1218,P002,sequential,14,-0.0829175121848534
"15-day step, low noise",1218,P002,sequential,15,-0.11216332165128416
"15-day step, low noise",1218,P002,sequential,16,-0.14211336591615897
"15-day step, low noise",1218,P002,sequential,17,-0.08660306131975352
"15-day step, low noise",1219,P001,graph,0,-0.011931611618428116
"15-day step, low noise",1219,P001,graph,1,-0.020110641947822926
"15-day step, low noise",1219,P001,graph,2,-0.02217015443572102
"15-day step, low noise",1219,P001,graph,3,-0.09065766879808548
"15-day step, low noise",1219,P001,graph,4,-0.08110489166808371
"15-day step, low noise",1219,P001,graph,5,0.0
"15-day step, low noise",1219,P001,graph,6,-0.02927583078245708
"15-day step, low noise",1219,P001,graph,7,-0.04489509570704259
"15-day step, low noise",1219,P001,graph,8,0.03352946012942293
"15-day step, low noise",1219,P001,graph,9,-0.05879373781357091
"15-day step, low noise",1219,P001,graph,10,-0.03379931216781901
"15-day step, low noise",1219,P001,graph,11,0.2601856352207527
"15-day step, low noise",1219,P001,graph,12,0.3074759445308466
"15-day step, low noise",1219,P001,graph,13,0.040555627519420996
"15-day step, low noise",1219,P001,graph,14,0.04895117838390881
"15-day step, low noise",1219,P001,graph,15,0.013492358002559868
"15-day step, low noise",1219,P001,graph,16,-0.03632298076068929
"15-day step, low noise",1219,P001,graph,17,-0.001170286266653049
"15-day step, low noise",1219,P001,sequential,0,0.0
"15-day step, low noise",1219,P001,sequential,1,-0.00413665357946852
"15-day step, low noise",1219,P001,sequential,2,-0.007900911185637648
"15-day step, low noise",1219,P001,sequential,3,-0.0776870665508112
"15-day step, low noise",1219,P001,sequential,4,-0.06957050343631524
"15-day step, low noise",1219,P001,sequential,5,0.010962047186786353
"15-day step, low noise",1219,P001,sequential,6,-0.019316731420519342
"15-day step, low noise",1219,P001,sequential,7,-0.03570339954804427
"15-day step, low noise",1219,P001,sequential,8,0.039064661108682217
"15-day step, low noise",1219,P001,sequential,9,-0.05187062432544755
"15-day step, low noise",1219,P001,sequential,10,-0.029020913361200537
"15-day step, low noise",1219,P001,sequential,11,0.2631944749634033
"15-day step, low noise",1219,P001,sequential,12,0.3115590623924423
"15-day step, low noise",1219,P001,sequential,13,0.043878578094712295
"15-day step, low noise",1219,P001,sequential,14,0.05207301720957975
"15-day step, low noise",1219,P001,sequential,15,0.01679242621172654
"15-day step, low noise",1219,P001,sequential,16,-0.033614776859716394
"15-day step, low noise",1219,P001,sequential,17,0.002394036828124349
"15-day step, low noise",1219,P002,graph,0,0.027343442706368345
"15-day step, low noise",1219,P002,graph,1,0.0038195222040079625
"15-day step, low noise",1219,P002,graph,2,0.026455453458687703
"15-day step, low noise",1219,P002,graph,3,0.0017294230112204695
"15-day step, low noise",1219,P002,graph,4,0.032600006065847786
"15-day step, low noise",1219,P002,graph,5,0.005812772854317942
"15-day step, low noise",1219,P002,graph,6,-0.04239645019666944
"15-day step, low noise",1219,P002,graph,7,0.015632803368762126
"15-day step, low noise",1219,P002,graph,8,0.0526264394144652
"15-day step, low noise",1219,P002,graph,9,0.043850907020479106
"15-day step, low noise",1219,P002,graph,10,0.0
"15-day step, low noise",1219,P002,graph,11,0.3060744691945576
"15-day step, low noise",1219,P002,graph,12,0.31487050191979093
"15-day step, low noise",1219,P002,graph,13,0.049976471820632605
"15-day step, low noise",1219,P002,graph,14,0.0327875761727382
"15-day step, low noise",1219,P002,graph,15,0.08944323699141915
"15-day step, low noise",1219,P002,graph,16,0.11654646391463222
"15-day step, low noise",1219,P002,graph,17,0.008319078604682216
"15-day step, low noise",1219,P002,sequential,0,0.0
"15-day step, low noise",1219,P002,sequential,1,-0.02064050590892182
"15-day step, low noise",1219,P002,sequential,2,0.0043931631744787945
"15-day step, low noise",1219,P002,sequential,3,-0.023510293947408892
"15-day step, low noise",1219,P002,sequential,4,0.004626976144883971
"15-day step, low noise",1219,P002,sequential,5,-0.022799949143718436
"15-day step, low noise",1219,P002,sequential,6,-0.07078218422835349
"15-day step, low noise",1219,P002,sequential,7,-0.011942794219708452
"15-day step, low noise",1219,P002,sequential,8,0.024280626327791092
"15-day step, low noise",1219,P002,sequential,9,0.015265791929511524
"15-day step, low noise",1219,P002,sequential,10,-0.031395266772325896
"15-day step, low noise",1219,P002,sequential,11,0.2781513809036327
"15-day step, low noise",1219,P002,sequential,12,0.28715207661388226
"15-day step, low noise",1219,P002,sequential,13,0.022107716220896245
"15-day step, low noise",1219,P002,sequential,14,0.0042194398025606344
"15-day step, low noise",1219,P002,sequential,15,0.060704212499035994
"15-day step, low noise",1219,P002,sequential,16,0.08915215313396949
"15-day step, low noise",1219,P002,sequential,17,-0.017150011891230638
